Source URL,Local path,Content type,Bundled bytes,Bundled SHA-256
https://cdnjs.cloudflare.com/ajax/libs/jquery-mousewheel/3.1.13/jquery.mousewheel.min.js,public/external/cdnjs.cloudflare.com/ajax/libs/jquery-mousewheel/3.1.13/jquery.mousewheel.min.js,application/javascript,2771,8e73a30d35c83ea6a597c3343324d2b7df097ad26e67b62efb5266ee12d317b5
https://static.addtoany.com/menu/modules/core.iho16r34.js,public/external/static.addtoany.com/menu/modules/core.iho16r34.js,application/javascript,72578,1ecac237a5fe407d3c4497c5edabf6073ff2cdf153890859b341eee3a06e1dc2
https://static.addtoany.com/menu/page.js,public/external/static.addtoany.com/menu/page.js,application/javascript,3461,de1d17613c212a101340ace6abd0b444fdb9b8bd8746eb84ba953cb1df336a7c
https://static.addtoany.com/menu/sm.25.html,public/external/static.addtoany.com/menu/sm.25.html,text/html,716,274d4116239b63097bb7c16e56e27cbb5a77be20392fb8e2317c0a0235185cad
https://static.addtoany.com/menu/svg/icons/facebook.js,public/external/static.addtoany.com/menu/svg/icons/facebook.js,application/javascript,429,4b475960843a5619b907af1f0a89e3136bd5e6a4a700ec78cb417f302647cf49
https://static.addtoany.com/menu/svg/icons/link.js,public/external/static.addtoany.com/menu/svg/icons/link.js,application/javascript,1437,1b1e450814698cfd54d68f041c25c741d2adbde4e8e31a256db1be23d413d96c
https://static.addtoany.com/menu/svg/icons/x.js,public/external/static.addtoany.com/menu/svg/icons/x.js,application/javascript,297,122ed4db2019348aef89a605e3eb79c6004f5727f16144dc46b61f31ee131764
https://viewbook.tiltonschool.org/wp-content/cache/autoptimize/css/autoptimize_single_7a2ba677c8ab0b674604e8d45f7c565f.css,public/wp-content/cache/autoptimize/css/autoptimize_single_7a2ba677c8ab0b674604e8d45f7c565f.css,text/css,260585,22b622c6d63b7c273a2b92f7f5cf4f9bff27775852637a3d7b453d8b18df2d4b
https://viewbook.tiltonschool.org/wp-content/cache/autoptimize/css/autoptimize_single_b2b463a5bdb73833be2a6afbc1843ddd.css,public/wp-content/cache/autoptimize/css/autoptimize_single_b2b463a5bdb73833be2a6afbc1843ddd.css,text/css,2421,123fb3f2b5b98ee97223df8433dbdcb3c8b5a7c1bf681f1b0ddf151508a4812c
https://viewbook.tiltonschool.org/wp-content/cache/autoptimize/css/autoptimize_single_f0b8c124248f700fbb961a046b69e78d.css,public/wp-content/cache/autoptimize/css/autoptimize_single_f0b8c124248f700fbb961a046b69e78d.css,text/css,20315,1c2be2f077f665cdb114049fc2a040c91781373dd408291687daa2a486293d0a
https://viewbook.tiltonschool.org/wp-content/cache/autoptimize/js/autoptimize_216df2217b82b0898c3018400ffab751.js,public/wp-content/cache/autoptimize/js/autoptimize_216df2217b82b0898c3018400ffab751.js,application/javascript,585462,005c58c17e02ed06ff11fdebff15b115ad4c95d1ed781f62a19fc2cad6312567
https://viewbook.tiltonschool.org/wp-content/cache/autoptimize/js/autoptimize_5995d1bb92435457bd609e00f325ca39.js,public/wp-content/cache/autoptimize/js/autoptimize_5995d1bb92435457bd609e00f325ca39.js,application/javascript,548417,bf284c6a78a46e97f8ad98cde153b5789cae32a2009167f0ac4f4eff29c1d5ef
https://viewbook.tiltonschool.org/wp-content/cache/autoptimize/js/autoptimize_6f68972c9a33687c8b5b7ff1c4b82c3a.js,public/wp-content/cache/autoptimize/js/autoptimize_6f68972c9a33687c8b5b7ff1c4b82c3a.js,application/javascript,551370,99cc9d6cc6c944a43b88874d290d43db9ca3b7f0e61ef31f8bad58347be51176
https://viewbook.tiltonschool.org/wp-content/plugins/add-to-any/addtoany.min.css,public/wp-content/plugins/add-to-any/addtoany.min.css,text/css,1604,c19e3e4151ea4933fa9ba9703c51fe20ad469237771214b1c5001d1b107ddef5
https://viewbook.tiltonschool.org/wp-content/plugins/beautiful-and-responsive-cookie-consent/public/cookieNSCconsent.min.css,public/wp-content/plugins/beautiful-and-responsive-cookie-consent/public/cookieNSCconsent.min.css,text/css,7407,962e46a6766b3ee087cd9aa2da605d32a6bfc5bebacaac8b734cf2649f1ddb3d
https://viewbook.tiltonschool.org/wp-content/themes/tilton/assets/css/jquery.fancybox.min.css,public/wp-content/themes/tilton/assets/css/jquery.fancybox.min.css,text/css,13818,9280cb7e96388857a703b864d5ce77b81931ea7746b5f59b5f99c5eace21dc05
https://viewbook.tiltonschool.org/wp-content/themes/tilton/assets/css/jquery.mCustomScrollbar.min.css,public/wp-content/themes/tilton/assets/css/jquery.mCustomScrollbar.min.css,text/css,42772,7ee6cf1fa11c6ce5867763532e6beefd9f6a932813e54bf563eaaa1ccd62c66d
https://viewbook.tiltonschool.org/wp-content/themes/tilton/assets/fonts/Calibre-Light.woff,public/wp-content/themes/tilton/assets/fonts/Calibre-Light.woff,application/font-woff,29704,1cdcab908afa0f4601397156c7172ed71fb3865591ff4727f2fb0fb530476614
https://viewbook.tiltonschool.org/wp-content/themes/tilton/assets/fonts/Calibre-Medium.woff,public/wp-content/themes/tilton/assets/fonts/Calibre-Medium.woff,application/font-woff,27848,8c21c1ca006012150c30488a095888cd06492033a8e3b0b6aec3ec83f9b9fa6b
https://viewbook.tiltonschool.org/wp-content/themes/tilton/assets/fonts/Calibre-Regular.woff,public/wp-content/themes/tilton/assets/fonts/Calibre-Regular.woff,application/font-woff,29384,19a6b6238b74565a3dc05320cc5885049cd3bda1d052a7f88a52c425bf81af99
https://viewbook.tiltonschool.org/wp-content/themes/tilton/assets/fonts/Queens-Bold.woff,public/wp-content/themes/tilton/assets/fonts/Queens-Bold.woff,application/font-woff,129176,3afc14f97e653d735ee61e6d035abb97423e4634923c2cab4b66e01e9f2c3d68
https://viewbook.tiltonschool.org/wp-content/themes/tilton/assets/fonts/Queens-ExBold.woff,public/wp-content/themes/tilton/assets/fonts/Queens-ExBold.woff,application/font-woff,127996,421009ed56410952e3fcf61885e9699d37e6c4b706bcc57eb1db89595c14a630
https://viewbook.tiltonschool.org/wp-content/themes/tilton/assets/fonts/Queens-Light.woff,public/wp-content/themes/tilton/assets/fonts/Queens-Light.woff,application/font-woff,126616,a8cf62e975c878053dce7fd3031a8f017438683ab4613eb244749379029cf774
https://viewbook.tiltonschool.org/wp-content/themes/tilton/assets/fonts/Queens-Medium.woff,public/wp-content/themes/tilton/assets/fonts/Queens-Medium.woff,application/font-woff,128424,c8b75a564c92f5c2147009a034f205cc345f0034e24fdcfb43ae951c202792ef
https://viewbook.tiltonschool.org/wp-content/themes/tilton/assets/fonts/Queens-Regular.woff,public/wp-content/themes/tilton/assets/fonts/Queens-Regular.woff,application/font-woff,128832,c165c1ed23e4132aa20ac87ec1f148f2e1635326b1e857fd0a3b67855f9c5c71
https://viewbook.tiltonschool.org/wp-content/themes/tilton/assets/fonts/Queens-Thin.woff,public/wp-content/themes/tilton/assets/fonts/Queens-Thin.woff,application/font-woff,127164,176a349518e1a62d00310cb6d93eeb35bfc010dc97de23372d2e3e6c8c1faf5f
https://viewbook.tiltonschool.org/wp-content/themes/tilton/assets/fonts/icomoon.svg,public/wp-content/themes/tilton/assets/fonts/icomoon.svg,image/svg+xml,60404,484b24cfea43ea44515b01f57a7bcd21d11c36d90cf2ea26bc13f8b8aecc89b4
https://viewbook.tiltonschool.org/wp-content/themes/tilton/assets/fonts/icomoon.ttf,public/wp-content/themes/tilton/assets/fonts/icomoon.ttf,application/octet-stream,16140,ecbb5dbd32c3d10efd32988d8514af063109f01d19c619414c2348fc0ff0f348
https://viewbook.tiltonschool.org/wp-content/themes/tilton/assets/fonts/icomoon.woff,public/wp-content/themes/tilton/assets/fonts/icomoon.woff,application/font-woff,16216,d55aea5314cd384bae81bf5d60058ae2187bc22f83060aae05442d180eca5646
https://viewbook.tiltonschool.org/wp-content/themes/tilton/assets/images/bg-star.png,public/wp-content/themes/tilton/assets/images/bg-star.png,image/png,33196,c47865d1c65720bde720e152c77b01141a775c8f4fcd61d3d2bbb51dfcc38031
https://viewbook.tiltonschool.org/wp-content/themes/tilton/assets/images/loader.svg,public/wp-content/themes/tilton/assets/images/loader.svg,image/svg+xml,1359,c948b560e6c5a4980db482cf059fc2ffc4e2d207260906ba7f6ed2328a57c89d
https://viewbook.tiltonschool.org/wp-content/themes/tilton/assets/images/logo.svg,public/wp-content/themes/tilton/assets/images/logo.svg,image/svg+xml,4810,28cc8ac9d27cc8e33d30462908351ac81bb87fa4c88c3293cfc7a928966c429c
https://viewbook.tiltonschool.org/wp-content/themes/tilton/assets/images/map.png,public/wp-content/themes/tilton/assets/images/map.png,image/png,928613,08b865041887dfcc75801d1ddaa3a6627535e47e7db73950f4a05bdc701cbfcc
https://viewbook.tiltonschool.org/wp-content/themes/tilton/assets/images/sticker.png,public/wp-content/themes/tilton/assets/images/sticker.png,image/png,4763,c8d3224579b1f081740f832677382f359453596cc92069b4b682b549fcf91b7e
https://viewbook.tiltonschool.org/wp-content/themes/tilton/assets/images/svg-path-2.svg,public/wp-content/themes/tilton/assets/images/svg-path-2.svg,image/svg+xml,378,13aa86e0bb455d4833529803603058d47bbd198814e4a839dcefea04f6b656df
https://viewbook.tiltonschool.org/wp-content/themes/tilton/assets/images/svg-path.svg,public/wp-content/themes/tilton/assets/images/svg-path.svg,image/svg+xml,370,a21ec3cc00b0117d12f26f5242ef6b4b885c584cefbba48686d18f6e2cb72343
https://viewbook.tiltonschool.org/wp-content/themes/tilton/style.css,public/wp-content/themes/tilton/style.css,text/css,221,09c6e6534c812973f76c2e3e3785e5bcf336bd15e4f0068c265d03e3a6b23225
https://viewbook.tiltonschool.org/wp-content/uploads/2023/11/110723-AG-Tilton-0229-1024x683.jpg,public/wp-content/uploads/2023/11/110723-AG-Tilton-0229-1024x683.jpg,image/jpeg,154637,089b697478413e53da50e23cd8358941bcc44c9bc361ceaf8d248785722bdf1a
https://viewbook.tiltonschool.org/wp-content/uploads/2023/11/110723-AG-Tilton-0464-1024x683.jpg,public/wp-content/uploads/2023/11/110723-AG-Tilton-0464-1024x683.jpg,image/jpeg,105952,73e8676fe269b194b0c907efa6b7a86c1425def573d8ac8a564327c38d2b770e
https://viewbook.tiltonschool.org/wp-content/uploads/2023/11/Admissions-Ambassador-Video-Feature-Cover-Photo-1-390x457.jpg,public/wp-content/uploads/2023/11/Admissions-Ambassador-Video-Feature-Cover-Photo-1-390x457.jpg,image/jpeg,24875,45488aa032bd20d0354f214e8cebcca8d7a9edeaced730e3ff1b6bd57eca8e51
https://viewbook.tiltonschool.org/wp-content/uploads/2023/11/Aidan-Tour-Quote-1.mp3,public/wp-content/uploads/2023/11/Aidan-Tour-Quote-1.mp3,audio/mpeg,1610497,48abf9564dfd22cfb8b95a146d1eb8ec3232561a8c5b743b825f86cd2fa51986
https://viewbook.tiltonschool.org/wp-content/uploads/2023/11/Aidan-Tour-Quote-2.mp3,public/wp-content/uploads/2023/11/Aidan-Tour-Quote-2.mp3,audio/mpeg,1634504,9276f3340cb3e6ebad3f3ee7ef90a4918fc166ac6d1b150b2224ab2671cb53d8
https://viewbook.tiltonschool.org/wp-content/uploads/2023/11/Alumni-Ampitheater-DJI_0596-e1704314270440-150x150.jpg,public/wp-content/uploads/2023/11/Alumni-Ampitheater-DJI_0596-e1704314270440-150x150.jpg,image/jpeg,8321,4b64e559bea2032217e618e1e138f4dc94614f4bfb6084c4ada0fb4e40d3d857
https://viewbook.tiltonschool.org/wp-content/uploads/2023/11/Beckett-Tour-Audio-1.mp3,public/wp-content/uploads/2023/11/Beckett-Tour-Audio-1.mp3,audio/mpeg,1967270,6f811a8226b2c768b8d82e17af5aa7967ae29db3f0c178602c8120e7b14723ad
https://viewbook.tiltonschool.org/wp-content/uploads/2023/11/Beckett-Tour-Audio-2.mp3,public/wp-content/uploads/2023/11/Beckett-Tour-Audio-2.mp3,audio/mpeg,1751829,12469b892fe8a11d1456dd1b492579ca642dd6b466b778c3d2e0c7c3f42d39c6
https://viewbook.tiltonschool.org/wp-content/uploads/2023/11/Camino1-1024x1006.jpg,public/wp-content/uploads/2023/11/Camino1-1024x1006.jpg,image/jpeg,241082,1c388a79ae1c7c36ea1d1a27e7c48aa813f52bedf1f46fde9c58d43f585dbfe1
https://viewbook.tiltonschool.org/wp-content/uploads/2023/11/Camino4-986x1024.jpg,public/wp-content/uploads/2023/11/Camino4-986x1024.jpg,image/jpeg,246422,c828aeb3082f634c23f3bd134ae934ad43e7ad91de5673e82338a75c4abbd9b4
https://viewbook.tiltonschool.org/wp-content/uploads/2023/11/Colleen-Basketball-Gallery-1-1024x682.jpg,public/wp-content/uploads/2023/11/Colleen-Basketball-Gallery-1-1024x682.jpg,image/jpeg,81065,d9234825e81f5d64a85ffe5ab209c7f12299dd7ed1d24d1622bb3aaf152cf3d6
https://viewbook.tiltonschool.org/wp-content/uploads/2023/11/Colleen-Basketball-Gallery-2-e1702918921322.jpg,public/wp-content/uploads/2023/11/Colleen-Basketball-Gallery-2-e1702918921322.jpg,image/jpeg,149196,bc1c15d4a12584465417b1408264d8f859bcf9b0ab608a3fbdba325336f537e4
https://viewbook.tiltonschool.org/wp-content/uploads/2023/11/Colleen-Basketball-Gallery-6-1024x738.jpg,public/wp-content/uploads/2023/11/Colleen-Basketball-Gallery-6-1024x738.jpg,image/jpeg,133715,3650e89dfb049b39090f77ce63c59178ccc22c49c54b354abbac3079284afc73
https://viewbook.tiltonschool.org/wp-content/uploads/2023/11/Colleen-Quote-Part-2.mp3,public/wp-content/uploads/2023/11/Colleen-Quote-Part-2.mp3,audio/mpeg,1747243,663893415e53c68e275150181966a10f83a610c821eed276bf0b54ddebfeae6a
https://viewbook.tiltonschool.org/wp-content/uploads/2023/11/Colleen-ResLife-1-1024x682.jpg,public/wp-content/uploads/2023/11/Colleen-ResLife-1-1024x682.jpg,image/jpeg,127869,a3bae9e84f4ff3b24450f64f0fd5ab2e14cdb62e31e1df963c01f849c42446fd
https://viewbook.tiltonschool.org/wp-content/uploads/2023/11/Colleen-ResLife-2-1024x625.jpg,public/wp-content/uploads/2023/11/Colleen-ResLife-2-1024x625.jpg,image/jpeg,197143,e8a16c48b41d0176b30103af783914a96c4620bf0bb8179f98e11877bce52c59
https://viewbook.tiltonschool.org/wp-content/uploads/2023/11/Colleen-ResLife-3-1024x587.jpg,public/wp-content/uploads/2023/11/Colleen-ResLife-3-1024x587.jpg,image/jpeg,152789,5ad54f36460f4e34620fd1dcf55fda980a8781e6bf02cd2dfc3c0f7c857e1af8
https://viewbook.tiltonschool.org/wp-content/uploads/2023/11/Colleen-ResLife-4-1024x739.jpg,public/wp-content/uploads/2023/11/Colleen-ResLife-4-1024x739.jpg,image/jpeg,112700,d0921be2b9dee43d3734b0977cb6f8db30712c1716f5fb346003dd32e007301e
https://viewbook.tiltonschool.org/wp-content/uploads/2023/11/Colleen-Tour-Quote-1.mp3,public/wp-content/uploads/2023/11/Colleen-Tour-Quote-1.mp3,audio/mpeg,1760398,0be2ca754952d05d735a2c25f06d3f3e5cb6c2470ef6e4b0d05de80989a7e009
https://viewbook.tiltonschool.org/wp-content/uploads/2023/11/Faculty-Video-Tara-Brisson-1-390x457.jpg,public/wp-content/uploads/2023/11/Faculty-Video-Tara-Brisson-1-390x457.jpg,image/jpeg,23737,46dd95221bf1d321e59a767db9fd983943a543a754f9b98c34860577b811f6f9
https://viewbook.tiltonschool.org/wp-content/uploads/2023/11/Isaac-Quote-1.mp3,public/wp-content/uploads/2023/11/Isaac-Quote-1.mp3,audio/mpeg,1803194,032541307a0ec7ed98b1623344500a3c783cef017023ab8a693225cb61520558
https://viewbook.tiltonschool.org/wp-content/uploads/2023/11/Isaac-Quote-2.mp3,public/wp-content/uploads/2023/11/Isaac-Quote-2.mp3,audio/mpeg,815772,3d24a5873500d66f91d2f18f628888cd1f67b23c494d3fa069ad044da3122eb1
https://viewbook.tiltonschool.org/wp-content/uploads/2023/11/JRW_Academics_010524_022-1-1024x684.jpg,public/wp-content/uploads/2023/11/JRW_Academics_010524_022-1-1024x684.jpg,image/jpeg,120934,48fb600b0d5cf4e8f7e2a080bcbde9a953a64fe96a5eaf6d409ecbc5b2bb85e9
https://viewbook.tiltonschool.org/wp-content/uploads/2023/11/JRW_Academics_010524_031-1024x665.jpg,public/wp-content/uploads/2023/11/JRW_Academics_010524_031-1024x665.jpg,image/jpeg,140973,2d5e7cc8c46bc69eedeaa564bb44d6a408012661cc161dc9658d2163803302e1
https://viewbook.tiltonschool.org/wp-content/uploads/2023/11/JRW_Academics_010524_039-1024x662.jpg,public/wp-content/uploads/2023/11/JRW_Academics_010524_039-1024x662.jpg,image/jpeg,126063,beaeef98921406ab0360ee1524166c8322b9a53718be2dec863fd6cf1acbaaa3
https://viewbook.tiltonschool.org/wp-content/uploads/2023/11/JRW_Academics_010524_046-1-1024x659.jpg,public/wp-content/uploads/2023/11/JRW_Academics_010524_046-1-1024x659.jpg,image/jpeg,128228,2b7f524a79a5634f95de1febcb2499929e7f78bde5b1216ffd8738fd875cdf02
https://viewbook.tiltonschool.org/wp-content/uploads/2023/11/JRW_Academics_010524_050-791x1024.jpg,public/wp-content/uploads/2023/11/JRW_Academics_010524_050-791x1024.jpg,image/jpeg,151894,d3c6ae7b90f9aca64b8149a0805ccd016e4adb885567ef994103b4886b30241c
https://viewbook.tiltonschool.org/wp-content/uploads/2023/11/JRW_Academics_010524_058-1024x698.jpg,public/wp-content/uploads/2023/11/JRW_Academics_010524_058-1024x698.jpg,image/jpeg,143913,ad1661fe5d24a2c9deb63da284569848c6da4df14d63fde33979771c909262c0
https://viewbook.tiltonschool.org/wp-content/uploads/2023/11/JRW_Academics_010524_110-1024x660.jpg,public/wp-content/uploads/2023/11/JRW_Academics_010524_110-1024x660.jpg,image/jpeg,83403,0f6b6d1d09a129047c065b51187ef173010f8f32851046c8c63fb3c1f7d82564
https://viewbook.tiltonschool.org/wp-content/uploads/2023/11/JRW_Academics_010524_115-1024x666.jpg,public/wp-content/uploads/2023/11/JRW_Academics_010524_115-1024x666.jpg,image/jpeg,101611,82b36320576f36768d47c3de6d8a182ae893b794c1295b55323ece1fafb62662
https://viewbook.tiltonschool.org/wp-content/uploads/2023/11/JRW_Academics_103122_154-2-1024x700.jpg,public/wp-content/uploads/2023/11/JRW_Academics_103122_154-2-1024x700.jpg,image/jpeg,131623,ed4424b77fa51eec9655345b7845eccbd6228a6ad54f09dbc4afc36d581155cf
https://viewbook.tiltonschool.org/wp-content/uploads/2023/11/JRW_Academics_103122_154-2-500x342.jpg,public/wp-content/uploads/2023/11/JRW_Academics_103122_154-2-500x342.jpg,image/jpeg,42212,e4878b987bf5d49b8160e85379a2d8314ec41bea4d1ebda2466b6539ce5eda0a
https://viewbook.tiltonschool.org/wp-content/uploads/2023/11/JRW_Academics_103122_154-2.jpg,public/wp-content/uploads/2023/11/JRW_Academics_103122_154-2.jpg,image/jpeg,622455,53adba12cdc37c7450db6e400b979a7b177484431aa5155e7be449be6637f9a7
https://viewbook.tiltonschool.org/wp-content/uploads/2023/11/JRW_Academics_103122_192-1024x727.jpg,public/wp-content/uploads/2023/11/JRW_Academics_103122_192-1024x727.jpg,image/jpeg,120958,124a90a1d033a655e15c3173254463373e0e9a01ead75bef270768174502824d
https://viewbook.tiltonschool.org/wp-content/uploads/2023/11/JRW_Academics_110722_094-1024x722.jpg,public/wp-content/uploads/2023/11/JRW_Academics_110722_094-1024x722.jpg,image/jpeg,138697,80f1feb54a3656c9ddfa3268b61246c0f0f32136014923d9b3f3d7f38b0c8ba5
https://viewbook.tiltonschool.org/wp-content/uploads/2023/11/JRW_Academics_110722_271-1024x713.jpg,public/wp-content/uploads/2023/11/JRW_Academics_110722_271-1024x713.jpg,image/jpeg,120656,79b9b8b67d5e6ac6473255a7c1b793b1bbab3ebbe32a519f016492b88fc56ac5
https://viewbook.tiltonschool.org/wp-content/uploads/2023/11/JRW_AthleticAwards_111423_099-1024x793.jpg,public/wp-content/uploads/2023/11/JRW_AthleticAwards_111423_099-1024x793.jpg,image/jpeg,146589,9823ab4ba1d0b5281d4f59678f720f5e7c4d0f50e7825203f23c870da92e5fa7
https://viewbook.tiltonschool.org/wp-content/uploads/2023/11/JRW_Athletics_110823_041-1024x542.jpg,public/wp-content/uploads/2023/11/JRW_Athletics_110823_041-1024x542.jpg,image/jpeg,183384,606884c974c72381a39bba07105123219669a622f1e3bc35bec9696728cf5fc8
https://viewbook.tiltonschool.org/wp-content/uploads/2023/11/JRW_BB_112923_077-Edit-1024x684.jpg,public/wp-content/uploads/2023/11/JRW_BB_112923_077-Edit-1024x684.jpg,image/jpeg,160835,f0bc8eb1a4a46570384fbe8b7f52bb9eda3edaf6d245fcdc98dc0f5a2abe468f
https://viewbook.tiltonschool.org/wp-content/uploads/2023/11/JRW_BSoccer_090923_118-1024x690.jpg,public/wp-content/uploads/2023/11/JRW_BSoccer_090923_118-1024x690.jpg,image/jpeg,175451,0515fd847a6e1bb7d0821561a48db3d706a568ef82dc6ffbeab1d754734635dc
https://viewbook.tiltonschool.org/wp-content/uploads/2023/11/JRW_BSoccer_090923_253-1024x731.jpg,public/wp-content/uploads/2023/11/JRW_BSoccer_090923_253-1024x731.jpg,image/jpeg,160847,c0c6bdfe2a91cefd1d37e60a9fa7eaa91781c9fc75e7c060d5f71cb05406db40
https://viewbook.tiltonschool.org/wp-content/uploads/2023/11/JRW_Campus_092823_032-2-e1704314193973-150x150.jpg,public/wp-content/uploads/2023/11/JRW_Campus_092823_032-2-e1704314193973-150x150.jpg,image/jpeg,5991,a9a6447962bbc98bc350add7c3eb2f7a02181d56beb6abeef74220f5155ff2c0
https://viewbook.tiltonschool.org/wp-content/uploads/2023/11/JRW_EastKnowles_010524_011-1024x683.jpg,public/wp-content/uploads/2023/11/JRW_EastKnowles_010524_011-1024x683.jpg,image/jpeg,123087,b5b43fcc718272d3ebb56c077a85fd140f15ce22dc6ca38f2192940dae0da492
https://viewbook.tiltonschool.org/wp-content/uploads/2023/11/JRW_FallCampus_100323_007.jpg,public/wp-content/uploads/2023/11/JRW_FallCampus_100323_007.jpg,image/jpeg,1530833,09be8a31f41c2e51cf61506628b40a669301a419f1b1ea49e7739d6819ec0ea3
https://viewbook.tiltonschool.org/wp-content/uploads/2023/11/JRW_Fall_102423_008-500x310.jpg,public/wp-content/uploads/2023/11/JRW_Fall_102423_008-500x310.jpg,image/jpeg,49397,e610b4275f596a1b90eb376f591f2889b1b86804dd9dba6698b17c1a594116e8
https://viewbook.tiltonschool.org/wp-content/uploads/2023/11/JRW_Fall_102423_008.jpg,public/wp-content/uploads/2023/11/JRW_Fall_102423_008.jpg,image/jpeg,1035726,066ce59ab297e4d7cfa8c46405b9f6a87c85a54f24b6e84a04d7894a1a2d5f71
https://viewbook.tiltonschool.org/wp-content/uploads/2023/11/JRW_Fall_102423_015-683x1024.jpg,public/wp-content/uploads/2023/11/JRW_Fall_102423_015-683x1024.jpg,image/jpeg,171906,5e0a888e38e58974bb9e53dda41aecd97b41d510b0ba2c8876ea7862bf7d7134
https://viewbook.tiltonschool.org/wp-content/uploads/2023/11/JRW_HockeyB_120623_028-1024x670.jpg,public/wp-content/uploads/2023/11/JRW_HockeyB_120623_028-1024x670.jpg,image/jpeg,90974,980425203ea231aa486298c1eb7d819eb0ee370e1699a831626f0f4f09d5c87f
https://viewbook.tiltonschool.org/wp-content/uploads/2023/11/JRW_HockeyB_med-1024x641.jpg,public/wp-content/uploads/2023/11/JRW_HockeyB_med-1024x641.jpg,image/jpeg,77457,131d492bdc975a44c63803b47ab762a0f45ecb8618520dde8c0def8d780c811b
https://viewbook.tiltonschool.org/wp-content/uploads/2023/11/JRW_MealsofHope_011524_438-1024x722.jpg,public/wp-content/uploads/2023/11/JRW_MealsofHope_011524_438-1024x722.jpg,image/jpeg,138562,c56e8a3eef842a0fadec268b5a8ae67454070f102660ac65b79056b6314c1380
https://viewbook.tiltonschool.org/wp-content/uploads/2023/11/JRW_SEB-_090723_079-1024x573.jpg,public/wp-content/uploads/2023/11/JRW_SEB-_090723_079-1024x573.jpg,image/jpeg,128909,e7ee7f7e454ee81e2762a0fe208480b69544e8a21c5093eb698494fcd4d3221e
https://viewbook.tiltonschool.org/wp-content/uploads/2023/11/JRW_SEB-_090723_087-1024x684.jpg,public/wp-content/uploads/2023/11/JRW_SEB-_090723_087-1024x684.jpg,image/jpeg,105228,ec960153631d49678106e8a680a3df525e63e4d400bba15ac574624ba77c5c60
https://viewbook.tiltonschool.org/wp-content/uploads/2023/11/JRW_SEB_100523_092-scaled-e1705681425571-150x150.jpg,public/wp-content/uploads/2023/11/JRW_SEB_100523_092-scaled-e1705681425571-150x150.jpg,image/jpeg,7796,e6559440c95df0a81dff30372c81d032a688b7da329b28fdb3da061c58ee7131
https://viewbook.tiltonschool.org/wp-content/uploads/2023/11/JRW_SEB_medium-1024x614.jpg,public/wp-content/uploads/2023/11/JRW_SEB_medium-1024x614.jpg,image/jpeg,100491,46b214b15bce04667dec092cbe12887a10c866884a877858e0a02e877896c276
https://viewbook.tiltonschool.org/wp-content/uploads/2023/11/JRW_ScavengerHunt_100523_051-1-882x1024.jpg,public/wp-content/uploads/2023/11/JRW_ScavengerHunt_100523_051-1-882x1024.jpg,image/jpeg,179151,0e67bef3b4b758555bb8b217d5980e5344d8fec706435737d6218037f05a2a51
https://viewbook.tiltonschool.org/wp-content/uploads/2023/11/JRW_SnowDrone_010824_385-150x150.jpg,public/wp-content/uploads/2023/11/JRW_SnowDrone_010824_385-150x150.jpg,image/jpeg,8623,21f0f792bb997ace1c339a950c111c52c576aad0c8a69033921e6fd7d1d65a86
https://viewbook.tiltonschool.org/wp-content/uploads/2023/11/MMK-1564.jpg,public/wp-content/uploads/2023/11/MMK-1564.jpg,image/jpeg,457646,d987674d960527b33ef4a8d6d3d13c12e900de446f4b93b623b96d647f1b74e6
https://viewbook.tiltonschool.org/wp-content/uploads/2023/11/MMK-2545-2.jpg,public/wp-content/uploads/2023/11/MMK-2545-2.jpg,image/jpeg,577290,fca2d59e114e8bc7168080782a291a36891ff30a5f3bf019d205c5f1ce938da8
https://viewbook.tiltonschool.org/wp-content/uploads/2023/11/MMK-9983-1024x683.jpg,public/wp-content/uploads/2023/11/MMK-9983-1024x683.jpg,image/jpeg,212180,3c36ee7160071de84d4a8bbb3e41d600663f8c6c715b2f1bd991b821a4aa5f8c
https://viewbook.tiltonschool.org/wp-content/uploads/2023/11/Map.jpg,public/wp-content/uploads/2023/11/Map.jpg,image/jpeg,56530,f2adbd4b2c1746e9a86933a3071531132c6bdc961e5309113e4c6b595b9ed375
https://viewbook.tiltonschool.org/wp-content/uploads/2023/11/Rectangle-258-1.jpg,public/wp-content/uploads/2023/11/Rectangle-258-1.jpg,image/jpeg,99489,a750a45604b0e5882d7a79f540e2c5c756520f75467a3356e75218456986cdb4
https://viewbook.tiltonschool.org/wp-content/uploads/2023/11/asset-10.jpg,public/wp-content/uploads/2023/11/asset-10.jpg,image/jpeg,125368,76ed0b5ae032149b6b543476d746d65e6b983d94035e0ed69aabb992d5e490c2
https://viewbook.tiltonschool.org/wp-content/uploads/2023/11/grey-pin-active.svg,public/wp-content/uploads/2023/11/grey-pin-active.svg,image/svg+xml,646,2d75cd5efc28c87ee872a612dc4872aea6fb10c69a4b6f36097611255d697240
https://viewbook.tiltonschool.org/wp-content/uploads/2023/11/grey-pin.svg,public/wp-content/uploads/2023/11/grey-pin.svg,image/svg+xml,608,e0b5991a59080f1669d468862a79589a5940af222b1ac8dcef60de84b96b6235
https://viewbook.tiltonschool.org/wp-content/uploads/2023/11/orange-pin-active.svg,public/wp-content/uploads/2023/11/orange-pin-active.svg,image/svg+xml,646,c465e79293b88f5777a9a49d32e514383b17c8c8eba9b3834f029e98675605cc
https://viewbook.tiltonschool.org/wp-content/uploads/2023/11/orange-pin.svg,public/wp-content/uploads/2023/11/orange-pin.svg,image/svg+xml,607,db8cad96c0a227b8bcfb59c94be984dd42ee109f473412a5a95062f37f2007c2
https://viewbook.tiltonschool.org/wp-content/uploads/2023/11/yellow-pin-active.svg,public/wp-content/uploads/2023/11/yellow-pin-active.svg,image/svg+xml,646,5f53a09b903c09dc7f5b93d792ee2dd85d191ec993723057c6f3c85944785a30
https://viewbook.tiltonschool.org/wp-content/uploads/2023/11/yellow-pin.svg,public/wp-content/uploads/2023/11/yellow-pin.svg,image/svg+xml,609,14127e81efc4852bb0d5eeb040c91c4a4d8f4a7ece472e1e0aa89904ad872f02
https://viewbook.tiltonschool.org/wp-content/uploads/2023/12/110723-AG-Tilton-0085-e1706108537495-310x450.jpg,public/wp-content/uploads/2023/12/110723-AG-Tilton-0085-e1706108537495-310x450.jpg,image/jpeg,64364,ce0fa77358e3829a68114ef5e9cf3b4634111e7488ccca0e76b37ea031c07bb3
https://viewbook.tiltonschool.org/wp-content/uploads/2023/12/110723-AG-Tilton-0093-150x150.jpg,public/wp-content/uploads/2023/12/110723-AG-Tilton-0093-150x150.jpg,image/jpeg,6407,8aef24b91cb4ab6936f7d0f26ef732de808a614927f4c2f21fdae06472050a66
https://viewbook.tiltonschool.org/wp-content/uploads/2023/12/110723-AG-Tilton-0103.jpg,public/wp-content/uploads/2023/12/110723-AG-Tilton-0103.jpg,image/jpeg,678307,50058cf292b99a15d59062a7619563f6346cd9015a18dd8923648f39b072caa0
https://viewbook.tiltonschool.org/wp-content/uploads/2023/12/110723-AG-Tilton-0105-1024x683.jpg,public/wp-content/uploads/2023/12/110723-AG-Tilton-0105-1024x683.jpg,image/jpeg,116219,4db2731205be9b8190c6e965f6ce28304a422a63533d0141110fab1a52ecc424
https://viewbook.tiltonschool.org/wp-content/uploads/2023/12/110723-AG-Tilton-0129-e1702501747132-390x565.jpg,public/wp-content/uploads/2023/12/110723-AG-Tilton-0129-e1702501747132-390x565.jpg,image/jpeg,53702,533d4a5163dbeee0fa253932f668e645625950734e3a8ab9b01121466da1509b
https://viewbook.tiltonschool.org/wp-content/uploads/2023/12/110723-AG-Tilton-0144-1024x683.jpg,public/wp-content/uploads/2023/12/110723-AG-Tilton-0144-1024x683.jpg,image/jpeg,96380,d82ae540bb6b33d74d19cd7729ba0005c9aeab59bf0da9ad195def77e9ed794b
https://viewbook.tiltonschool.org/wp-content/uploads/2023/12/110723-AG-Tilton-0147-390x260.jpg,public/wp-content/uploads/2023/12/110723-AG-Tilton-0147-390x260.jpg,image/jpeg,21623,c61b1a800e7f58cba9c2d9cfcf589f4065cc914b245e6a2583b5afbad3514606
https://viewbook.tiltonschool.org/wp-content/uploads/2023/12/110723-AG-Tilton-0153-e1702502338321-150x150.jpg,public/wp-content/uploads/2023/12/110723-AG-Tilton-0153-e1702502338321-150x150.jpg,image/jpeg,8068,57430910002d0d2c36967a8d2fd39253021cd0962cc6c6f893ef2e7655790ee5
https://viewbook.tiltonschool.org/wp-content/uploads/2023/12/110723-AG-Tilton-0153-e1702502338321-390x397.jpg,public/wp-content/uploads/2023/12/110723-AG-Tilton-0153-e1702502338321-390x397.jpg,image/jpeg,45682,54c8d1efd29101d08b422a0fe2721fa2cead019c5b94eade51612af132327f72
https://viewbook.tiltonschool.org/wp-content/uploads/2023/12/110723-AG-Tilton-0198-150x150.jpg,public/wp-content/uploads/2023/12/110723-AG-Tilton-0198-150x150.jpg,image/jpeg,7841,1f46f4484f374591e57801cb3bc899a2551eb67fcd091ee7186b2a1e2f425db0
https://viewbook.tiltonschool.org/wp-content/uploads/2023/12/110723-AG-Tilton-0198-310x450.jpg,public/wp-content/uploads/2023/12/110723-AG-Tilton-0198-310x450.jpg,image/jpeg,31686,1131733c5ce9e1ba4d31b8a3492a5a81fdd5116eda465ec87d9f5becceeb2ab2
https://viewbook.tiltonschool.org/wp-content/uploads/2023/12/110723-AG-Tilton-0218-390x260.jpg,public/wp-content/uploads/2023/12/110723-AG-Tilton-0218-390x260.jpg,image/jpeg,25661,7541b13eb88fa95a0f777136547094e3a1f6d8a0bcfd9752db8f5e52a1f176e4
https://viewbook.tiltonschool.org/wp-content/uploads/2023/12/110723-AG-Tilton-0257-1-500x333.jpg,public/wp-content/uploads/2023/12/110723-AG-Tilton-0257-1-500x333.jpg,image/jpeg,46123,32cd2ae4b042980090cb31b1756a553ef02ea783a1bc362b36da2ff539ee0f59
https://viewbook.tiltonschool.org/wp-content/uploads/2023/12/110723-AG-Tilton-0257-1.jpg,public/wp-content/uploads/2023/12/110723-AG-Tilton-0257-1.jpg,image/jpeg,748056,d44dcc93dc9728e8ef7c966ea185c44e2d69636c26d51d607eac0adee61530fc
https://viewbook.tiltonschool.org/wp-content/uploads/2023/12/110723-AG-Tilton-0278-1024x683.jpg,public/wp-content/uploads/2023/12/110723-AG-Tilton-0278-1024x683.jpg,image/jpeg,89019,adf7a5a7c7515d1f190e9d4600a331204ac1ab2086d70550b4288ed3ee0e1745
https://viewbook.tiltonschool.org/wp-content/uploads/2023/12/110723-AG-Tilton-0300-e1702912539134-310x450.jpg,public/wp-content/uploads/2023/12/110723-AG-Tilton-0300-e1702912539134-310x450.jpg,image/jpeg,33552,ba8e1983746e5f2500005973a0149a3eee6590444df6f0532b563458f05026ea
https://viewbook.tiltonschool.org/wp-content/uploads/2023/12/110723-AG-Tilton-0302-e1706111778935.jpg,public/wp-content/uploads/2023/12/110723-AG-Tilton-0302-e1706111778935.jpg,image/jpeg,163349,52c349815a76b0d9ef412adfcc4cf54ea4f491bd84975a6c02592bc4d4828c2c
https://viewbook.tiltonschool.org/wp-content/uploads/2023/12/110723-AG-Tilton-0338-1024x683.jpg,public/wp-content/uploads/2023/12/110723-AG-Tilton-0338-1024x683.jpg,image/jpeg,139370,1797c188dd7a78ed91796df896f9aa6054131376ba9550c8b8bf1974647c3cfa
https://viewbook.tiltonschool.org/wp-content/uploads/2023/12/110723-AG-Tilton-0356-310x450.jpg,public/wp-content/uploads/2023/12/110723-AG-Tilton-0356-310x450.jpg,image/jpeg,27563,94eb556bf50ef5c1c24fe726fedbd8057cc55ad0275fcf1f6e3c3e5140459644
https://viewbook.tiltonschool.org/wp-content/uploads/2023/12/110723-AG-Tilton-0377-1024x683.jpg,public/wp-content/uploads/2023/12/110723-AG-Tilton-0377-1024x683.jpg,image/jpeg,262861,8692aa8e4430042b2d22c5bfcb0ca91864ea9cbd8317f676df280faab4dc5aa5
https://viewbook.tiltonschool.org/wp-content/uploads/2023/12/110723-AG-Tilton-0387-e1706106539803-150x150.jpg,public/wp-content/uploads/2023/12/110723-AG-Tilton-0387-e1706106539803-150x150.jpg,image/jpeg,8046,104163418b9dbfea78d4bcbbfab542e8479a4a215a3f7757bf846ca6d5cfc5e2
https://viewbook.tiltonschool.org/wp-content/uploads/2023/12/110723-AG-Tilton-0387-e1706106539803-390x527.jpg,public/wp-content/uploads/2023/12/110723-AG-Tilton-0387-e1706106539803-390x527.jpg,image/jpeg,46877,05b163879d3354cf10dfd152928767e4f38b0158f223f7524bdce238aa7cab5f
https://viewbook.tiltonschool.org/wp-content/uploads/2023/12/110723-AG-Tilton-0387-e1706106539803-390x565.jpg,public/wp-content/uploads/2023/12/110723-AG-Tilton-0387-e1706106539803-390x565.jpg,image/jpeg,49677,eba42a67597ee670b75cf6d6b979a253f7a356d2f703f6ac481e86003908f78f
https://viewbook.tiltonschool.org/wp-content/uploads/2023/12/110723-AG-Tilton-0387-e1706106539803.jpg,public/wp-content/uploads/2023/12/110723-AG-Tilton-0387-e1706106539803.jpg,image/jpeg,165077,b64fd8efbe97a78175c3d98fe0bda14fb7e4b9827167de2d4dc914a59a053410
https://viewbook.tiltonschool.org/wp-content/uploads/2023/12/110723-AG-Tilton-0412-150x150.jpg,public/wp-content/uploads/2023/12/110723-AG-Tilton-0412-150x150.jpg,image/jpeg,6334,100067dcc8d3e4fdcc99269e07148bdc658dab8889a12b4b4e0ca200e1d7ddca
https://viewbook.tiltonschool.org/wp-content/uploads/2023/12/110723-AG-Tilton-0412-390x260.jpg,public/wp-content/uploads/2023/12/110723-AG-Tilton-0412-390x260.jpg,image/jpeg,18063,2063a34b5fff45edcb0fb82483538cd19a2b1511304646198edd7a21db12a8c6
https://viewbook.tiltonschool.org/wp-content/uploads/2023/12/110723-AG-Tilton-0412-390x565.jpg,public/wp-content/uploads/2023/12/110723-AG-Tilton-0412-390x565.jpg,image/jpeg,33276,8cb6a5d6cdfcf4fb9f86990578ae28dc2c6e654197f45c8bede5102679af389e
https://viewbook.tiltonschool.org/wp-content/uploads/2023/12/110723-AG-Tilton-0412.jpg,public/wp-content/uploads/2023/12/110723-AG-Tilton-0412.jpg,image/jpeg,85798,0375ba6036e33eec7e02d7573a76dddb6147b9519121758c40dfc1f403349f95
https://viewbook.tiltonschool.org/wp-content/uploads/2023/12/110723-AG-Tilton-0417-310x450.jpg,public/wp-content/uploads/2023/12/110723-AG-Tilton-0417-310x450.jpg,image/jpeg,28038,939ba4c4b1b739461b65902f9c58b8b5dd63c58a3284322a510070027422d969
https://viewbook.tiltonschool.org/wp-content/uploads/2023/12/110723-AG-Tilton-0422-1024x683.jpg,public/wp-content/uploads/2023/12/110723-AG-Tilton-0422-1024x683.jpg,image/jpeg,100487,08491ca6284634020a377c85d8f5d1c37f595837056eec72e21ca2eedfb48407
https://viewbook.tiltonschool.org/wp-content/uploads/2023/12/110723-AG-Tilton-0444-e1702502138283-150x150.jpg,public/wp-content/uploads/2023/12/110723-AG-Tilton-0444-e1702502138283-150x150.jpg,image/jpeg,7474,9f25eb00aceda52a9fb72e4bac5f7b1feea76a278784fa25a37fd57761c730b7
https://viewbook.tiltonschool.org/wp-content/uploads/2023/12/110723-AG-Tilton-0454-390x260.jpg,public/wp-content/uploads/2023/12/110723-AG-Tilton-0454-390x260.jpg,image/jpeg,23109,d20223d5aad8352aa03c5401ce8cd7c5617a3203d23adca6e52505a0258721c2
https://viewbook.tiltonschool.org/wp-content/uploads/2023/12/110723-AG-Tilton-0458-390x260.jpg,public/wp-content/uploads/2023/12/110723-AG-Tilton-0458-390x260.jpg,image/jpeg,20744,e7952e04fd19afe9333cd2f2eaf2b6a711e672b2b8383d6e43cc352c60b64993
https://viewbook.tiltonschool.org/wp-content/uploads/2023/12/110723-AG-Tilton-0470-310x450.jpg,public/wp-content/uploads/2023/12/110723-AG-Tilton-0470-310x450.jpg,image/jpeg,27805,c5538864cbaeec05f670ac394817b64172f0ed8dce53ce550e83b75be3a992c0
https://viewbook.tiltonschool.org/wp-content/uploads/2023/12/110723-AG-Tilton-0482-310x450.jpg,public/wp-content/uploads/2023/12/110723-AG-Tilton-0482-310x450.jpg,image/jpeg,32387,12ae461e05cc645eef46c191995ebb4cedd9be3ff2f51fee3eba132de9f38c8a
https://viewbook.tiltonschool.org/wp-content/uploads/2023/12/110723-AG-Tilton-0482-390x260.jpg,public/wp-content/uploads/2023/12/110723-AG-Tilton-0482-390x260.jpg,image/jpeg,25757,40403f4ca1d9985fe2feb5adca690ba49d7aeabe9f39991c1821a8aac11cecda
https://viewbook.tiltonschool.org/wp-content/uploads/2023/12/110723-AG-Tilton-0503-150x150.jpg,public/wp-content/uploads/2023/12/110723-AG-Tilton-0503-150x150.jpg,image/jpeg,6520,de211e8e3cd91829b0cb60b10a694090d6fd4de6cf860428e437db4e186dd433
https://viewbook.tiltonschool.org/wp-content/uploads/2023/12/110723-AG-Tilton-0511-e1704918975617-310x450.jpg,public/wp-content/uploads/2023/12/110723-AG-Tilton-0511-e1704918975617-310x450.jpg,image/jpeg,29770,211c39d5e504ccd19da9050c0f24798884a9c049c87cfbc53e9a85e5b5c910a8
https://viewbook.tiltonschool.org/wp-content/uploads/2023/12/110723-AG-Tilton-0539-310x450.jpg,public/wp-content/uploads/2023/12/110723-AG-Tilton-0539-310x450.jpg,image/jpeg,29330,e40bf4722f285bdf8741b0d14f3990cc5ef638b66867c11104a93f2d42a78951
https://viewbook.tiltonschool.org/wp-content/uploads/2023/12/110723-AG-Tilton-0545-150x150.jpg,public/wp-content/uploads/2023/12/110723-AG-Tilton-0545-150x150.jpg,image/jpeg,7970,ee0e43ac65c49402d06f45667f326b7a7d52a9bd0bc7a1edfa13d2dcb738dd7c
https://viewbook.tiltonschool.org/wp-content/uploads/2023/12/110723-AG-Tilton-0545-390x565.jpg,public/wp-content/uploads/2023/12/110723-AG-Tilton-0545-390x565.jpg,image/jpeg,52101,e54b090ccaa6e3f1ac6d16e2a691830d2f0cfecad2cccd94da28311c57adab58
https://viewbook.tiltonschool.org/wp-content/uploads/2023/12/110723-AG-Tilton-0545-390x585.jpg,public/wp-content/uploads/2023/12/110723-AG-Tilton-0545-390x585.jpg,image/jpeg,53446,b9c3e6f5871d343a293339194477c935fb3e7325570dc89456b5c1185048f6c9
https://viewbook.tiltonschool.org/wp-content/uploads/2023/12/110723-AG-Tilton-0545.jpg,public/wp-content/uploads/2023/12/110723-AG-Tilton-0545.jpg,image/jpeg,705129,8ae004257e608c6634bddcebe266ebb357cf3fe07f0f25db03d9ca4d0a9aa965
https://viewbook.tiltonschool.org/wp-content/uploads/2023/12/110723-AG-Tilton-0589-150x150.jpg,public/wp-content/uploads/2023/12/110723-AG-Tilton-0589-150x150.jpg,image/jpeg,6848,f85840d6c4a0f7b814fed134eefeda6556bc7b9749d4a60304bdcebd005fcebc
https://viewbook.tiltonschool.org/wp-content/uploads/2023/12/110723-AG-Tilton-0589-390x565.jpg,public/wp-content/uploads/2023/12/110723-AG-Tilton-0589-390x565.jpg,image/jpeg,39699,2595a31e27ad9eccc3ffd273b851674d829584c3529f689d670e73a8cb51b58e
https://viewbook.tiltonschool.org/wp-content/uploads/2023/12/110723-AG-Tilton-0589-390x585.jpg,public/wp-content/uploads/2023/12/110723-AG-Tilton-0589-390x585.jpg,image/jpeg,41418,7b67b88cb474b438f5f4ab14c37afe567ec48b82e26dd8b1491d5a64644f166e
https://viewbook.tiltonschool.org/wp-content/uploads/2023/12/110723-AG-Tilton-0589.jpg,public/wp-content/uploads/2023/12/110723-AG-Tilton-0589.jpg,image/jpeg,102626,8f0f47b10a70cf4086770b909695a119605f0b11ea29f3c4733d248f433aa462
https://viewbook.tiltonschool.org/wp-content/uploads/2023/12/110723-AG-Tilton-0617-2-1024x683.jpg,public/wp-content/uploads/2023/12/110723-AG-Tilton-0617-2-1024x683.jpg,image/jpeg,120992,e1ff36e947792a0f9e60c2076c34f172f63a88df08540dc8dff8b69e4f6d5e12
https://viewbook.tiltonschool.org/wp-content/uploads/2023/12/110723-AG-Tilton-0617-390x260.jpg,public/wp-content/uploads/2023/12/110723-AG-Tilton-0617-390x260.jpg,image/jpeg,25645,0e26290b6a3bf8d38e1f950a505268b7024f05b834fac336b81e82b0e3f2d02c
https://viewbook.tiltonschool.org/wp-content/uploads/2023/12/110723-AG-Tilton-0632-310x450.jpg,public/wp-content/uploads/2023/12/110723-AG-Tilton-0632-310x450.jpg,image/jpeg,27656,a7c2ff1501945e0cc7993286ec2643fdd69edda130eed591f905619da5715f28
https://viewbook.tiltonschool.org/wp-content/uploads/2023/12/110723-AG-Tilton-0649-390x260.jpg,public/wp-content/uploads/2023/12/110723-AG-Tilton-0649-390x260.jpg,image/jpeg,31194,63c1b3550f8c8bb420341b26bc9cc0e4e19245c4007dde30259e520e3a467e73
https://viewbook.tiltonschool.org/wp-content/uploads/2023/12/110723-AG-Tilton-0659-390x260.jpg,public/wp-content/uploads/2023/12/110723-AG-Tilton-0659-390x260.jpg,image/jpeg,24563,2d1a6a8c96a79e04cb775d8f9a540d2ccdc457fdee9dcd47708cfe3b6d918ac0
https://viewbook.tiltonschool.org/wp-content/uploads/2023/12/110723-AG-Tilton-0670-e1702502272759-390x371.jpg,public/wp-content/uploads/2023/12/110723-AG-Tilton-0670-e1702502272759-390x371.jpg,image/jpeg,26249,d4efd2fe432cc2ac82f7bf6c0c87f5c81898162860d01687b1d9bd091e0b1248
https://viewbook.tiltonschool.org/wp-content/uploads/2023/12/110723-AG-Tilton-0688-310x450.jpg,public/wp-content/uploads/2023/12/110723-AG-Tilton-0688-310x450.jpg,image/jpeg,24316,774bfdb73c438f9f872420e30299df8516f6d152f3a04285806f87b2b862c0fa
https://viewbook.tiltonschool.org/wp-content/uploads/2023/12/110723-AG-Tilton-0744-e1702491443788-390x539.jpg,public/wp-content/uploads/2023/12/110723-AG-Tilton-0744-e1702491443788-390x539.jpg,image/jpeg,42007,7856bc1ab2b44025762f7306b707396b6851122c4753e706c2d3a3c67c7ee282
https://viewbook.tiltonschool.org/wp-content/uploads/2023/12/Alexa-Extracurricular.mp3,public/wp-content/uploads/2023/12/Alexa-Extracurricular.mp3,audio/mpeg,1792340,137e652c1ed659c4b5f7a3da79fd0edcf6ef4f5f2663e13f17b6b39558fc1347
https://viewbook.tiltonschool.org/wp-content/uploads/2023/12/All-School-Community-Service-Day-1.jpg,public/wp-content/uploads/2023/12/All-School-Community-Service-Day-1.jpg,image/jpeg,81282,a22549cf5fb0bc4216cf8609d8b11a60b95386fe62d406dbcf7868907fdf6c5d
https://viewbook.tiltonschool.org/wp-content/uploads/2023/12/All-School-Community-Service-Day-2.jpg,public/wp-content/uploads/2023/12/All-School-Community-Service-Day-2.jpg,image/jpeg,56962,a0c50a9c97d57c4f02580de3b419336695d2acab04b2268f05d12ffc655131e7
https://viewbook.tiltonschool.org/wp-content/uploads/2023/12/Andriana-portrait-2-e1705609835386-150x150.jpg,public/wp-content/uploads/2023/12/Andriana-portrait-2-e1705609835386-150x150.jpg,image/jpeg,7944,db0b3665745e012c68f3ec5352f8c8f1ae07da1e3b7a47b302d79bc4bf5cec2a
https://viewbook.tiltonschool.org/wp-content/uploads/2023/12/Andriana-portrait-2-e1705609835386-310x450.jpg,public/wp-content/uploads/2023/12/Andriana-portrait-2-e1705609835386-310x450.jpg,image/jpeg,30838,66a8a3706f76cc0f76d510b58928a593ee436e1365ae9b18014015642fbd8046
https://viewbook.tiltonschool.org/wp-content/uploads/2023/12/Attending-the-Spring-Musical.jpg,public/wp-content/uploads/2023/12/Attending-the-Spring-Musical.jpg,image/jpeg,114443,a1063aa9c97fdccc6092d16fba1079c7dd2cea921cad51f50a460d98780e8fb5
https://viewbook.tiltonschool.org/wp-content/uploads/2023/12/BCG-44-3-1024x683.jpg,public/wp-content/uploads/2023/12/BCG-44-3-1024x683.jpg,image/jpeg,148922,edf0760f9241d07ebfca0335403b4a41b7dcc06d550b5f747479f8146981ed07
https://viewbook.tiltonschool.org/wp-content/uploads/2023/12/Back-40-JRW_Campus_091423_006-150x150.jpg,public/wp-content/uploads/2023/12/Back-40-JRW_Campus_091423_006-150x150.jpg,image/jpeg,6066,1d1c58c6a09805916e3f31cf79e19744f87026c4ddbda8054393ecbeaa990bc9
https://viewbook.tiltonschool.org/wp-content/uploads/2023/12/Beach-Day.jpg,public/wp-content/uploads/2023/12/Beach-Day.jpg,image/jpeg,92532,df6eff2d0b2232000ba168dad8e4f7d3fd618b2611dd9b6bd189297e184e9009
https://viewbook.tiltonschool.org/wp-content/uploads/2023/12/Connecting-with-Faculty.jpg,public/wp-content/uploads/2023/12/Connecting-with-Faculty.jpg,image/jpeg,76491,9b0a8a58118dba349d52a32b0cbd3f7ccf926180d3f66291281e96504963cc2b
https://viewbook.tiltonschool.org/wp-content/uploads/2023/12/DJI_0536-2-1024x576.jpg,public/wp-content/uploads/2023/12/DJI_0536-2-1024x576.jpg,image/jpeg,110034,81318da56f377c6e8017b014579d884d7f4ad4d41bde4ec3a4e215cc3275ba2f
https://viewbook.tiltonschool.org/wp-content/uploads/2023/12/JRW_-PowderKeg_111222_695-1-390x565.jpg,public/wp-content/uploads/2023/12/JRW_-PowderKeg_111222_695-1-390x565.jpg,image/jpeg,39323,b74afddc2a6a3ba9a995a80009d427577968ca0e329e33af9fe2f7376dffceef
https://viewbook.tiltonschool.org/wp-content/uploads/2023/12/JRW_AlmostMaine_110122_162-1-390x259.jpg,public/wp-content/uploads/2023/12/JRW_AlmostMaine_110122_162-1-390x259.jpg,image/jpeg,20600,891cff449eaa92450037fb41b91812d53344c34891051332ec6b15e0f222033d
https://viewbook.tiltonschool.org/wp-content/uploads/2023/12/JRW_Athletics_011024_245-1-1024x700.jpg,public/wp-content/uploads/2023/12/JRW_Athletics_011024_245-1-1024x700.jpg,image/jpeg,88997,d24f51522610ac0a814bc20727f4bd44cf010768884ec4657aec68e1b03f56d2
https://viewbook.tiltonschool.org/wp-content/uploads/2023/12/JRW_Bio_110122_046-390x257.jpg,public/wp-content/uploads/2023/12/JRW_Bio_110122_046-390x257.jpg,image/jpeg,16073,93c8e4c5298725182db96032ba081abc5399f6b03dfc62f9d592f9f3d6d2f788
https://viewbook.tiltonschool.org/wp-content/uploads/2023/12/JRW_CC_092923_143-1024x708.jpg,public/wp-content/uploads/2023/12/JRW_CC_092923_143-1024x708.jpg,image/jpeg,141886,9c4f7bb302a78e3afd69604ff1bca120f41aed934dce59dee843ba43f6f01ccb
https://viewbook.tiltonschool.org/wp-content/uploads/2023/12/JRW_CampusMorning_101522_008-Edit-scaled-e1705685504126-150x150.jpg,public/wp-content/uploads/2023/12/JRW_CampusMorning_101522_008-Edit-scaled-e1705685504126-150x150.jpg,image/jpeg,5670,b2d96f84a47756c6039bfc4359d274b412107fdbfd31ae7ae74efd45f90621cd
https://viewbook.tiltonschool.org/wp-content/uploads/2023/12/JRW_CampusMorning_101522_014-3-e1704316367723-150x150.jpg,public/wp-content/uploads/2023/12/JRW_CampusMorning_101522_014-3-e1704316367723-150x150.jpg,image/jpeg,6286,6a4a6e07e67d64a91ec108dae8ea813b5891d8b008cdf337c9a154db8c0e5570
https://viewbook.tiltonschool.org/wp-content/uploads/2023/12/JRW_Campus_071223_052-1-e1704311351795-150x150.jpg,public/wp-content/uploads/2023/12/JRW_Campus_071223_052-1-e1704311351795-150x150.jpg,image/jpeg,6956,3f9b493b334b68a56520663c9df09104842b0b13841100e91af2141e4b984f77
https://viewbook.tiltonschool.org/wp-content/uploads/2023/12/JRW_ChaosandKindness_091523_018-1-1024x724.jpg,public/wp-content/uploads/2023/12/JRW_ChaosandKindness_091523_018-1-1024x724.jpg,image/jpeg,117604,56cbe11a7f48961b8b8f6bdb0eb05f76bde265fe8186de6a4d80604dab397f5b
https://viewbook.tiltonschool.org/wp-content/uploads/2023/12/JRW_Classes_051523_092-390x256.jpg,public/wp-content/uploads/2023/12/JRW_Classes_051523_092-390x256.jpg,image/jpeg,20868,b5f6e534720d4b6271bc21a10703a2f9f70de9652bb1eddf301b5cbc297e6c81
https://viewbook.tiltonschool.org/wp-content/uploads/2023/12/JRW_CommunityService_110322_099-500x358.jpg,public/wp-content/uploads/2023/12/JRW_CommunityService_110322_099-500x358.jpg,image/jpeg,59833,5183e2d919a260cc2012c13747983b94f376df5c7b3748e8af337bab31119a5f
https://viewbook.tiltonschool.org/wp-content/uploads/2023/12/JRW_CommunityService_110322_099.jpg,public/wp-content/uploads/2023/12/JRW_CommunityService_110322_099.jpg,image/jpeg,73983,643c5a7c19d99355dd5f0da6482e78135328ef39231c001632a7e33170363ef6
https://viewbook.tiltonschool.org/wp-content/uploads/2023/12/JRW_Drone_082423_022-1-scaled-e1705684609589-150x150.jpg,public/wp-content/uploads/2023/12/JRW_Drone_082423_022-1-scaled-e1705684609589-150x150.jpg,image/jpeg,7329,bf11b83ffb2606868bbd537757938192c9a510f1387c2b5ff2abb72759dbf5b5
https://viewbook.tiltonschool.org/wp-content/uploads/2023/12/JRW_Drone_101322_097-1-150x150.jpg,public/wp-content/uploads/2023/12/JRW_Drone_101322_097-1-150x150.jpg,image/jpeg,6848,36142ed511c8b3177d045dd0903c3724a3b5ebf77f060f7c3ba72948cdc9caae
https://viewbook.tiltonschool.org/wp-content/uploads/2023/12/JRW_Fall_092622_030-e1704314899461-150x150.jpg,public/wp-content/uploads/2023/12/JRW_Fall_092622_030-e1704314899461-150x150.jpg,image/jpeg,9110,7597d7f1bc09bffa3cc063fdbb0552e3617400c0476d79e64dd2d2ac939f8d5e
https://viewbook.tiltonschool.org/wp-content/uploads/2023/12/JRW_Fall_092622_044-2-1-e1705679592832-1024x469.jpg,public/wp-content/uploads/2023/12/JRW_Fall_092622_044-2-1-e1705679592832-1024x469.jpg,image/jpeg,190468,3b2638b9a764d350eb2694c568cad4b222250d6d1cc56ba86cc6fb949b150c73
https://viewbook.tiltonschool.org/wp-content/uploads/2023/12/JRW_Fall_092622_044-2-1-e1705679592832-150x150.jpg,public/wp-content/uploads/2023/12/JRW_Fall_092622_044-2-1-e1705679592832-150x150.jpg,image/jpeg,53712,89612631ade5472fc650bcf9c5e1d5c0669175f8f399a995aedd288c07b4280d
https://viewbook.tiltonschool.org/wp-content/uploads/2023/12/JRW_Fall_101122_410-1-e1704311800804-150x150.jpg,public/wp-content/uploads/2023/12/JRW_Fall_101122_410-1-e1704311800804-150x150.jpg,image/jpeg,6336,94e1a0b3220d9dcfd17c510d35690a2f668605302a0d20d7a7843430eaf2be86
https://viewbook.tiltonschool.org/wp-content/uploads/2023/12/JRW_Fall_101122_632-copy-1-e1705679693905-1024x378.jpg,public/wp-content/uploads/2023/12/JRW_Fall_101122_632-copy-1-e1705679693905-1024x378.jpg,image/jpeg,99839,1adba516c6550c33a0ce63a8f77cd7c3aebfeb26c13553c30a51817de080dcb0
https://viewbook.tiltonschool.org/wp-content/uploads/2023/12/JRW_Fall_101122_632-copy-1-e1705679693905-150x150.jpg,public/wp-content/uploads/2023/12/JRW_Fall_101122_632-copy-1-e1705679693905-150x150.jpg,image/jpeg,6882,a64a4c302ba6a5d6526a1e17ad5073b1ed615cfec2f224385101b3d313467f23
https://viewbook.tiltonschool.org/wp-content/uploads/2023/12/JRW_Fall_102723_298-copy-2-150x150.jpg,public/wp-content/uploads/2023/12/JRW_Fall_102723_298-copy-2-150x150.jpg,image/jpeg,6595,c288c73b2566a559aaca0b106dc6a37b15541016a6c3dd7e00574a2f9addedae
https://viewbook.tiltonschool.org/wp-content/uploads/2023/12/JRW_Fishing_092823_052-1-500x321.jpg,public/wp-content/uploads/2023/12/JRW_Fishing_092823_052-1-500x321.jpg,image/jpeg,29366,9945dfdc41c98b2e7728dc8be065c62ebf92ed82549b1f690d01deea80965e38
https://viewbook.tiltonschool.org/wp-content/uploads/2023/12/JRW_Fishing_092823_052-1.jpg,public/wp-content/uploads/2023/12/JRW_Fishing_092823_052-1.jpg,image/jpeg,181429,9aea315a2a3fcbc5f0f21c427546facd53554b5a3ce35f223d5be932d54e1b44
https://viewbook.tiltonschool.org/wp-content/uploads/2023/12/JRW_FormalDinner_012723_010-1-1024x716.jpg,public/wp-content/uploads/2023/12/JRW_FormalDinner_012723_010-1-1024x716.jpg,image/jpeg,106364,c4c3af44e16fdc91b0b5aaa7331e067322f80fca7099ff41423608a9ad5b4988
https://viewbook.tiltonschool.org/wp-content/uploads/2023/12/JRW_FormalDinner_091923_003-1024x622.jpg,public/wp-content/uploads/2023/12/JRW_FormalDinner_091923_003-1024x622.jpg,image/jpeg,164907,dcb09aef4cb77075e4fd4398228125721660ce255a48b92ed9df3bbc608ba268
https://viewbook.tiltonschool.org/wp-content/uploads/2023/12/JRW_FormalDinner_091923_004-1024x658.jpg,public/wp-content/uploads/2023/12/JRW_FormalDinner_091923_004-1024x658.jpg,image/jpeg,150620,8ede879be263188aee170247f6d0a10553bf525853dae6b7f36ff19521fe11ce
https://viewbook.tiltonschool.org/wp-content/uploads/2023/12/JRW_GSA_100723_004-1-1024x734.jpg,public/wp-content/uploads/2023/12/JRW_GSA_100723_004-1-1024x734.jpg,image/jpeg,156524,fb50b94302d01e7f7173072349826978c2e1eb6c595ead5ab7cd30853ab668f2
https://viewbook.tiltonschool.org/wp-content/uploads/2023/12/JRW_LittleMermaid_051023_523.jpg,public/wp-content/uploads/2023/12/JRW_LittleMermaid_051023_523.jpg,image/jpeg,658961,1130aadbf716d1c44bf9503949d9fbdbcbfeb9a435a2aa4c11433ed774bf8dde
https://viewbook.tiltonschool.org/wp-content/uploads/2023/12/JRW_LittleMermaid_051023_621-1024x669.jpg,public/wp-content/uploads/2023/12/JRW_LittleMermaid_051023_621-1024x669.jpg,image/jpeg,93735,022e93e4918c289c18041bb00539697e73fb6a15d70c3594edc12eb58c3c94d2
https://viewbook.tiltonschool.org/wp-content/uploads/2023/12/JRW_MTB_092922_280-2-3-e1702577806232.jpg,public/wp-content/uploads/2023/12/JRW_MTB_092922_280-2-3-e1702577806232.jpg,image/jpeg,173743,8ae469dba3423dae1c974474eb2842003619082266cf039718a3258653d16de4
https://viewbook.tiltonschool.org/wp-content/uploads/2023/12/JRW_SB_051723_067.jpg,public/wp-content/uploads/2023/12/JRW_SB_051723_067.jpg,image/jpeg,88821,537ed53a4b24a254b1ee11e086bd28d2680798071be4130f4dcd9b2518245611
https://viewbook.tiltonschool.org/wp-content/uploads/2023/12/JRW_Snow_010824_469-scaled-e1705686015667-150x150.jpg,public/wp-content/uploads/2023/12/JRW_Snow_010824_469-scaled-e1705686015667-150x150.jpg,image/jpeg,4693,960b43a8eebfb731020689e384d0fc8ab1dafec3694de4a4a4827f4eeebee0c1
https://viewbook.tiltonschool.org/wp-content/uploads/2023/12/JRW_Snow_010824_667-1024x697.jpg,public/wp-content/uploads/2023/12/JRW_Snow_010824_667-1024x697.jpg,image/jpeg,80965,a227bf75cedb5cba6c54e4a9243baa7f23a16f2600b54f6383f9ac44679edd36
https://viewbook.tiltonschool.org/wp-content/uploads/2023/12/JRW_Snow_010824_667-500x340.jpg,public/wp-content/uploads/2023/12/JRW_Snow_010824_667-500x340.jpg,image/jpeg,25106,166dd67e1e1490988d3ef1bee60b46f5126eccb21ed1d3815406b07504ae115e
https://viewbook.tiltonschool.org/wp-content/uploads/2023/12/JRW_Snow_010824_667.jpg,public/wp-content/uploads/2023/12/JRW_Snow_010824_667.jpg,image/jpeg,427333,4c5db5dadce25629802fcfebe3225ba668ff589a8711b9ddec2b0b1b1af3b3df
https://viewbook.tiltonschool.org/wp-content/uploads/2023/12/JRW_Snow_012323_049-1-scaled-e1705685559952-150x150.jpg,public/wp-content/uploads/2023/12/JRW_Snow_012323_049-1-scaled-e1705685559952-150x150.jpg,image/jpeg,3952,d94a111765e525eea41d62a38e320fb45f61ad6f1a1dc12f7eb4c9b942837bd2
https://viewbook.tiltonschool.org/wp-content/uploads/2023/12/JRW_Stockings_121023_046-1-1024x665.jpg,public/wp-content/uploads/2023/12/JRW_Stockings_121023_046-1-1024x665.jpg,image/jpeg,114234,0629336c767ac373a229341134530d8e80127c99a07d7e3fb3917ce3a36254df
https://viewbook.tiltonschool.org/wp-content/uploads/2023/12/JRW_UkrainianFood_121122_069-1024x726.jpg,public/wp-content/uploads/2023/12/JRW_UkrainianFood_121122_069-1024x726.jpg,image/jpeg,135367,599e49b511e91eb501529b81f2b17f6846e8d0031b786ece1a5093757b91120d
https://viewbook.tiltonschool.org/wp-content/uploads/2023/12/MMK-1569-e1704383440547-150x150.jpg,public/wp-content/uploads/2023/12/MMK-1569-e1704383440547-150x150.jpg,image/jpeg,5697,e7fb82031672369138a50a689f213ee4e57bc2f65654f158e984811ca777ffc1
https://viewbook.tiltonschool.org/wp-content/uploads/2023/12/MMK-1933-390x565.jpg,public/wp-content/uploads/2023/12/MMK-1933-390x565.jpg,image/jpeg,59177,b9ef081d5afdfa6b703378940aa856d32b2e5bcc276acc20d2087a186de129fb
https://viewbook.tiltonschool.org/wp-content/uploads/2023/12/MMK-2224-1-1024x683.jpg,public/wp-content/uploads/2023/12/MMK-2224-1-1024x683.jpg,image/jpeg,83032,4e26d70f3e4557ef919306fda84d59296fca492a2ee18d4f163a79e74c538e12
https://viewbook.tiltonschool.org/wp-content/uploads/2023/12/MMK-2990-3-1024x683.jpg,public/wp-content/uploads/2023/12/MMK-2990-3-1024x683.jpg,image/jpeg,135225,0a2fcb80994571b8174124febe5828d1345f6c47428ef870588bd1612b0bac5b
https://viewbook.tiltonschool.org/wp-content/uploads/2023/12/MMK-3779-1-390x260.jpg,public/wp-content/uploads/2023/12/MMK-3779-1-390x260.jpg,image/jpeg,24719,ed467c2c08830822124a1aa2ae703c04e80e2879cf2aadc2834d4ceb7401abee
https://viewbook.tiltonschool.org/wp-content/uploads/2023/12/MMK-4770-390x260.jpg,public/wp-content/uploads/2023/12/MMK-4770-390x260.jpg,image/jpeg,23724,ee9fb00addfbd1adfd1ec87bab568ea7c1e22de595e4b6bf2a439abc1374efc5
https://viewbook.tiltonschool.org/wp-content/uploads/2023/12/MMK-4874-390x260.jpg,public/wp-content/uploads/2023/12/MMK-4874-390x260.jpg,image/jpeg,21956,e5c0baa675cf890307d0157bd86365ae5aaf395d4bd488941f7db8c9388e71bb
https://viewbook.tiltonschool.org/wp-content/uploads/2023/12/MMK-5231-3-e1702578088120-1024x779.jpg,public/wp-content/uploads/2023/12/MMK-5231-3-e1702578088120-1024x779.jpg,image/jpeg,128580,e91a1615286325698f0c6a624f0f60f407fda6b4af03cddd6320edbb7e72d7d6
https://viewbook.tiltonschool.org/wp-content/uploads/2023/12/MMK-5345-390x260.jpg,public/wp-content/uploads/2023/12/MMK-5345-390x260.jpg,image/jpeg,24573,5512f304c44003b2387273bce58102805d6d54cd70a0aa3256fa100068b17b2e
https://viewbook.tiltonschool.org/wp-content/uploads/2023/12/MMK-6481-e1702502491605-390x317.jpg,public/wp-content/uploads/2023/12/MMK-6481-e1702502491605-390x317.jpg,image/jpeg,16173,157930f81c9005e7ecc4dc4b64da18a07964c705dead2529013c06fda463a8d3
https://viewbook.tiltonschool.org/wp-content/uploads/2023/12/MMK-6578-390x260.jpg,public/wp-content/uploads/2023/12/MMK-6578-390x260.jpg,image/jpeg,31767,0474754c52b81debfccccd448bca950fba977a10be4cd4326663d712e8451ebb
https://viewbook.tiltonschool.org/wp-content/uploads/2023/12/MMK-7318-3-390x260.jpg,public/wp-content/uploads/2023/12/MMK-7318-3-390x260.jpg,image/jpeg,15608,eaadbb6ef8cea768cc034e7dbc6fac5a7572b4d275f159cba83c28a3aa1b8e3d
https://viewbook.tiltonschool.org/wp-content/uploads/2023/12/MMK-7998-2-e1705614821970-1024x797.jpg,public/wp-content/uploads/2023/12/MMK-7998-2-e1705614821970-1024x797.jpg,image/jpeg,205117,2395bc1207b4766e5c4ce64090d438f551ad35704791784ab25156ccbca83e6e
https://viewbook.tiltonschool.org/wp-content/uploads/2023/12/MMK-7998-2-e1705614821970-500x389.jpg,public/wp-content/uploads/2023/12/MMK-7998-2-e1705614821970-500x389.jpg,image/jpeg,90510,f55b658a3c290b20530f1ba55258b1cf5c479a39e362124c69865de4ed02497c
https://viewbook.tiltonschool.org/wp-content/uploads/2023/12/MMK-7998-2-e1705614821970.jpg,public/wp-content/uploads/2023/12/MMK-7998-2-e1705614821970.jpg,image/jpeg,242944,3f909ea722438fdc287effabed5662403ac0ff25f96c38911a318844029cdb27
https://viewbook.tiltonschool.org/wp-content/uploads/2023/12/MMK-8118-390x260.jpg,public/wp-content/uploads/2023/12/MMK-8118-390x260.jpg,image/jpeg,30350,dbca4fc596894a69ea4ea2cd3a39e42dd7170db82d3a65ec1c6c0e3f20cdf922
https://viewbook.tiltonschool.org/wp-content/uploads/2023/12/MMK-9040-150x150.jpg,public/wp-content/uploads/2023/12/MMK-9040-150x150.jpg,image/jpeg,6257,de88466f643bf695802bf21c64769582b3807ef90fcc2784925142a83d1ef982
https://viewbook.tiltonschool.org/wp-content/uploads/2023/12/MMK-9061-1-1-e1704315184243-150x150.jpg,public/wp-content/uploads/2023/12/MMK-9061-1-1-e1704315184243-150x150.jpg,image/jpeg,7410,bcd70727ed5040ab61f1620463f335896dc9549c2cdbe5b797a29f8527634211
https://viewbook.tiltonschool.org/wp-content/uploads/2023/12/Meals-of-Hope-Day-of-Service-1.jpg,public/wp-content/uploads/2023/12/Meals-of-Hope-Day-of-Service-1.jpg,image/jpeg,42451,eb245fa970613744c1bb13d8c30b14f65190f39f29cc63e53e93ce0e735e256c
https://viewbook.tiltonschool.org/wp-content/uploads/2023/12/Meals-of-Hope-Day-of-Service-2.jpg,public/wp-content/uploads/2023/12/Meals-of-Hope-Day-of-Service-2.jpg,image/jpeg,53956,d39dc34d6dd1bddd582d18e910a1abdc966835c088ee32365589f45e8ab8847c
https://viewbook.tiltonschool.org/wp-content/uploads/2023/12/Nickedited-310x450.jpg,public/wp-content/uploads/2023/12/Nickedited-310x450.jpg,image/jpeg,44852,423df0719a82db4dfd70096d504ccb4b876d4d93401bc3fb743399cb3facaccf
https://viewbook.tiltonschool.org/wp-content/uploads/2023/12/Teacher-working-with-Student-JRW_CAA_100722_100-e1708534265511-1024x739.jpg,public/wp-content/uploads/2023/12/Teacher-working-with-Student-JRW_CAA_100722_100-e1708534265511-1024x739.jpg,image/jpeg,90806,be2f6bb292639baec56c8eae634d7be09192121458b0b234f90b7f1a875ae92d
https://viewbook.tiltonschool.org/wp-content/uploads/2023/12/Teacher-working-with-Student-JRW_CAA_100722_100-e1708534265511-500x361.jpg,public/wp-content/uploads/2023/12/Teacher-working-with-Student-JRW_CAA_100722_100-e1708534265511-500x361.jpg,image/jpeg,27848,d08806ec66e0b69e0f0041a5723954810a3191f59ca2d908e4b6efc87a8caf2f
https://viewbook.tiltonschool.org/wp-content/uploads/2023/12/Teacher-working-with-Student-JRW_CAA_100722_100-e1708534265511.jpg,public/wp-content/uploads/2023/12/Teacher-working-with-Student-JRW_CAA_100722_100-e1708534265511.jpg,image/jpeg,332429,e5cd2b03eb37f7897b43e98258c55a8bad3ab76db4496acb7f4bded1ffdf809a
https://viewbook.tiltonschool.org/wp-content/uploads/2023/12/Tilton-Logo.svg,public/wp-content/uploads/2023/12/Tilton-Logo.svg,image/svg+xml,7352,48384a5dff235e3061450b493d1e6a38361641f48800748936c66970791d233b
https://viewbook.tiltonschool.org/wp-content/uploads/2023/12/Turner-Audio-v2.mp3,public/wp-content/uploads/2023/12/Turner-Audio-v2.mp3,audio/mpeg,2003409,e53b874acb6fc25bb8d79d4150c8fa2af3445dd1da76bdc0223614f5d7a7f966
https://viewbook.tiltonschool.org/wp-content/uploads/2023/12/Wolfe_CampusRenovations_080222_082-e1704312448891-150x150.jpg,public/wp-content/uploads/2023/12/Wolfe_CampusRenovations_080222_082-e1704312448891-150x150.jpg,image/jpeg,8849,a350cf4deca913ca1112e8d6dc281958f87e5f815b91083910d867cc0efee42e
https://viewbook.tiltonschool.org/wp-content/uploads/2023/12/Wolfe_OpeningDay-_090523_211-922x1024.jpg,public/wp-content/uploads/2023/12/Wolfe_OpeningDay-_090523_211-922x1024.jpg,image/jpeg,140045,2a494a6947c72c20b687b4d34145cde1e731acefc4a92166aad6b28a54486b73
https://viewbook.tiltonschool.org/wp-content/uploads/2023/12/Wolfe_OpeningDay-_090523_228-1024x674.jpg,public/wp-content/uploads/2023/12/Wolfe_OpeningDay-_090523_228-1024x674.jpg,image/jpeg,122889,a57b65ef5debe55a64d9f18e1456de9d158c0f49c5812f80fbd3c43591ce1ad3
https://viewbook.tiltonschool.org/wp-content/uploads/2023/12/Wolfe_OpeningDay-_090523_237-1024x678.jpg,public/wp-content/uploads/2023/12/Wolfe_OpeningDay-_090523_237-1024x678.jpg,image/jpeg,100754,b337fbc98961e5fcaa36b0087815fb4227926ce3aeecbd2f2e0039f42cd2a80b
https://viewbook.tiltonschool.org/wp-content/uploads/2023/12/jake-g-portrait-310x450.jpg,public/wp-content/uploads/2023/12/jake-g-portrait-310x450.jpg,image/jpeg,27129,50873471ab8bc193df0d17f9d1ecc70c0753fd9a62243902bd57082365bebdc6
https://viewbook.tiltonschool.org/wp-content/uploads/2024/01/Aislinn-portrait-310x450.jpg,public/wp-content/uploads/2024/01/Aislinn-portrait-310x450.jpg,image/jpeg,20033,f5659499dd62d64342757e78566927d310e2e08a1f02d460984c93f8605bddfb
https://viewbook.tiltonschool.org/wp-content/uploads/2024/01/Alexis-La-Tour-still-e1705504754758-310x450.jpg,public/wp-content/uploads/2024/01/Alexis-La-Tour-still-e1705504754758-310x450.jpg,image/jpeg,23005,80144ae3dd630ac0fa131b2d52a665b399ac67dbcb5e09cdbe80a457395ce676
https://viewbook.tiltonschool.org/wp-content/uploads/2024/01/Andrea-quote-150x150.jpg,public/wp-content/uploads/2024/01/Andrea-quote-150x150.jpg,image/jpeg,9274,ab30908c8ac138f653ec182bf2081ee063a5f609a2a5dd930ba25630c5b3f104
https://viewbook.tiltonschool.org/wp-content/uploads/2024/01/Andriana-web-audio.mp3,public/wp-content/uploads/2024/01/Andriana-web-audio.mp3,audio/mpeg,1829256,eec5d164472a923cc036b1f55c0d538f267f33cc965119889a0f6da8480646e0
https://viewbook.tiltonschool.org/wp-content/uploads/2024/01/BG_CampusDrone_Sept22-scaled-e1706045201350-1024x632.jpg,public/wp-content/uploads/2024/01/BG_CampusDrone_Sept22-scaled-e1706045201350-1024x632.jpg,image/jpeg,171725,51d4b526d82a4de94be1b9dc504aca5465e862fea10693f07a10975b20cdfc1f
https://viewbook.tiltonschool.org/wp-content/uploads/2024/01/BG_CampusDrone_Sept22-scaled-e1706045201350-1920x1185.jpg,public/wp-content/uploads/2024/01/BG_CampusDrone_Sept22-scaled-e1706045201350-1920x1185.jpg,image/jpeg,510632,366eefca664c0e8b4ebc43f18c6b8e5528fe270fa0fa6081fd7f6d31d8f7a358
https://viewbook.tiltonschool.org/wp-content/uploads/2024/01/BG_CampusDrone_Sept22-scaled-e1706045201350.jpg,public/wp-content/uploads/2024/01/BG_CampusDrone_Sept22-scaled-e1706045201350.jpg,image/jpeg,764750,0222c965906c1cd151b7718c3e05508c77a4681756c2976f24f3f71cd1957fb1
https://viewbook.tiltonschool.org/wp-content/uploads/2024/01/Evan-still-e1729626407843-310x450.jpg,public/wp-content/uploads/2024/01/Evan-still-e1729626407843-310x450.jpg,image/jpeg,27846,d81867a799db3d586813aa05acfc13d534e86374b38fe74422312b4c21777749
https://viewbook.tiltonschool.org/wp-content/uploads/2024/01/Hero-placeholder.mp4,public/wp-content/uploads/2024/01/Hero-placeholder.mp4,video/mp4,12408529,46d066b9570679eb532e60732e8c7f1b258351896012b99cded03aedaa81421d
https://viewbook.tiltonschool.org/wp-content/uploads/2024/01/JRW_BB_112923_026-150x150.jpg,public/wp-content/uploads/2024/01/JRW_BB_112923_026-150x150.jpg,image/jpeg,5817,e5dcf25cfa06ad679109397a381fb165f64078c6d70fb7100fbcbd8668a3b15d
https://viewbook.tiltonschool.org/wp-content/uploads/2024/01/JRW_ChaosandKindness_091523_002-1-1024x683.jpg,public/wp-content/uploads/2024/01/JRW_ChaosandKindness_091523_002-1-1024x683.jpg,image/jpeg,111328,d4072d3b7b5c0122f09b611868c7707bd6a754c29e964e458ca104c249bd18e3
https://viewbook.tiltonschool.org/wp-content/uploads/2024/01/JRW_ChaosandKindness_091523_002-1-500x333.jpg,public/wp-content/uploads/2024/01/JRW_ChaosandKindness_091523_002-1-500x333.jpg,image/jpeg,35839,d1a272e547138fb1683c00e0812db1e3481924efd1f2114baa5f36358986c352
https://viewbook.tiltonschool.org/wp-content/uploads/2024/01/JRW_ChaosandKindness_091523_002-1-scaled.jpg,public/wp-content/uploads/2024/01/JRW_ChaosandKindness_091523_002-1-scaled.jpg,image/jpeg,522613,e2aff60d3a2287197b31c209556375519c755211453e3c62990ed04d713cc629
https://viewbook.tiltonschool.org/wp-content/uploads/2024/01/JRW_ChaosandKindness_091523_002-1024x683.jpg,public/wp-content/uploads/2024/01/JRW_ChaosandKindness_091523_002-1024x683.jpg,image/jpeg,111328,d4072d3b7b5c0122f09b611868c7707bd6a754c29e964e458ca104c249bd18e3
https://viewbook.tiltonschool.org/wp-content/uploads/2024/01/JRW_ChaosandKindness_091523_005-798x1024.jpg,public/wp-content/uploads/2024/01/JRW_ChaosandKindness_091523_005-798x1024.jpg,image/jpeg,135323,bf8dceca57ff88fe4a4ae66c232ef8d3989f0133a5846f752f9d4393754ee1c8
https://viewbook.tiltonschool.org/wp-content/uploads/2024/01/JRW_ClubHockey_011123_1091-1024x702.jpg,public/wp-content/uploads/2024/01/JRW_ClubHockey_011123_1091-1024x702.jpg,image/jpeg,117871,0cf018c1e54b1997e96d7316cbc031411dd201c7e277e625d8254922c6b47a6e
https://viewbook.tiltonschool.org/wp-content/uploads/2024/01/JRW_DiscGolf_092123_131-1024x672.jpg,public/wp-content/uploads/2024/01/JRW_DiscGolf_092123_131-1024x672.jpg,image/jpeg,183143,58ee0b74f60022dc702682555f38ce8938ecdb10a93e20e1ee76eb56ed2e629d
https://viewbook.tiltonschool.org/wp-content/uploads/2024/01/JRW_FFW_101423_352-1-500x528.jpg,public/wp-content/uploads/2024/01/JRW_FFW_101423_352-1-500x528.jpg,image/jpeg,50060,648d7c466402aed0cb06bd66c987798e9946b9341a385bf88b881e81fa16043c
https://viewbook.tiltonschool.org/wp-content/uploads/2024/01/JRW_FFW_101423_352-1-scaled.jpg,public/wp-content/uploads/2024/01/JRW_FFW_101423_352-1-scaled.jpg,image/jpeg,785007,e979ec6f24a983c97490d402a63904983d53fdcfa2b1bf23b6e3538c21e1e8dc
https://viewbook.tiltonschool.org/wp-content/uploads/2024/01/JRW_Fall_101122_152-1024x576.jpg,public/wp-content/uploads/2024/01/JRW_Fall_101122_152-1024x576.jpg,image/jpeg,164318,3de7067cbd022ae8c8eaa099381767c146a46f21e142ae712def93e1af47d1c3
https://viewbook.tiltonschool.org/wp-content/uploads/2024/01/JRW_FormalDinner_012723_014-500x355.jpg,public/wp-content/uploads/2024/01/JRW_FormalDinner_012723_014-500x355.jpg,image/jpeg,46604,47ece68aca2885810e647ec3fd0b56c51e61b22b144fd85a3c430ad7f1d37bfb
https://viewbook.tiltonschool.org/wp-content/uploads/2024/01/JRW_FormalDinner_012723_014-scaled.jpg,public/wp-content/uploads/2024/01/JRW_FormalDinner_012723_014-scaled.jpg,image/jpeg,704611,c7a3a02cc1ad25ad5047c3d762e1423aaaf05b307460e8add902a88a9af86e93
https://viewbook.tiltonschool.org/wp-content/uploads/2024/01/JRW_GVBB_030223_010-1-1024x704.jpg,public/wp-content/uploads/2024/01/JRW_GVBB_030223_010-1-1024x704.jpg,image/jpeg,173857,c401162a01820bb2483f4a0f5635883e422c7fcbe7aa1665597741d570c6b5b7
https://viewbook.tiltonschool.org/wp-content/uploads/2024/01/JRW_MTB_092922_216-1024x681.jpg,public/wp-content/uploads/2024/01/JRW_MTB_092922_216-1024x681.jpg,image/jpeg,126616,c91811f7f643b69c13df5521c51f3615e2c7f87419fa4650ed4f32771d9a1152
https://viewbook.tiltonschool.org/wp-content/uploads/2024/01/JRW_MTB_092922_280-2-1-1-1024x683.jpg,public/wp-content/uploads/2024/01/JRW_MTB_092922_280-2-1-1-1024x683.jpg,image/jpeg,205115,8d1a65f96541edfcc9050436d704bc6e1660dfaa6dea666a74633f46cbb1df40
https://viewbook.tiltonschool.org/wp-content/uploads/2024/01/JRW_MTB_092922_280-2-1-500x333.jpg,public/wp-content/uploads/2024/01/JRW_MTB_092922_280-2-1-500x333.jpg,image/jpeg,66058,1fca24b998b7a27798feabb892e1d5dbf1ce81a5e8c23f70fa707805096407a2
https://viewbook.tiltonschool.org/wp-content/uploads/2024/01/JRW_MTB_092922_280-2-1-scaled.jpg,public/wp-content/uploads/2024/01/JRW_MTB_092922_280-2-1-scaled.jpg,image/jpeg,851779,44e51c2ebf0edcfb8a74df98a366dfe5862404a22667191536f5814737d207e1
https://viewbook.tiltonschool.org/wp-content/uploads/2024/01/JRW_OpenHouse_102922_004-1024x713.jpg,public/wp-content/uploads/2024/01/JRW_OpenHouse_102922_004-1024x713.jpg,image/jpeg,174125,8d8fb6944937fb865a41bf1c40274ffc5a8edc44e055ced32ee68b213a89544c
https://viewbook.tiltonschool.org/wp-content/uploads/2024/01/JRW_OpeningDay_090222_851-1024x623.jpg,public/wp-content/uploads/2024/01/JRW_OpeningDay_090222_851-1024x623.jpg,image/jpeg,156069,d72208c511488cf18f02bf44a852e82bcb47a27d7964a53087cf72d17477f7b2
https://viewbook.tiltonschool.org/wp-content/uploads/2024/01/JRW_Revelstoke_012623_126-1-1024x717.jpg,public/wp-content/uploads/2024/01/JRW_Revelstoke_012623_126-1-1024x717.jpg,image/jpeg,163722,518133badeb0b032512fdbb98ed138300fbacacacd6e5f169e7df5d8082b4a50
https://viewbook.tiltonschool.org/wp-content/uploads/2024/01/JRW_SEB_091423_308-1024x630.jpg,public/wp-content/uploads/2024/01/JRW_SEB_091423_308-1024x630.jpg,image/jpeg,122402,08e1a9bf102a32763d685fbcb704ca3bafbb71a6c571d9ccc7ac323ec0704a56
https://viewbook.tiltonschool.org/wp-content/uploads/2024/01/JRW_SEB_121523_137-310x450.jpg,public/wp-content/uploads/2024/01/JRW_SEB_121523_137-310x450.jpg,image/jpeg,14491,d0ea8f13676f62ba16cd28d479c226fee1ab2da39e0e86b0dcaea777e3496d6b
https://viewbook.tiltonschool.org/wp-content/uploads/2024/01/JRW_UkrainianFood_121122_069-copy.jpg,public/wp-content/uploads/2024/01/JRW_UkrainianFood_121122_069-copy.jpg,image/jpeg,669746,7ef6242dea978d658d890aec7cbe3f83d8e150dfae883a04b079d43406f0ee70
https://viewbook.tiltonschool.org/wp-content/uploads/2024/01/Lynne-e1705506549323-310x450.jpg,public/wp-content/uploads/2024/01/Lynne-e1705506549323-310x450.jpg,image/jpeg,28878,9186d8af2446090602c7c7425d35ace68d621bad74b3660b1e1757413b27334a
https://viewbook.tiltonschool.org/wp-content/uploads/2024/01/MMK-0321-1024x683.jpg,public/wp-content/uploads/2024/01/MMK-0321-1024x683.jpg,image/jpeg,243878,31276004a8091d9b1f16fc999a0e682d447b7d86458385344438e9a8baf157d7
https://viewbook.tiltonschool.org/wp-content/uploads/2024/01/MMK-0354-1024x683.jpg,public/wp-content/uploads/2024/01/MMK-0354-1024x683.jpg,image/jpeg,126496,9471820e5363cfcfe45547361f66cb784acf9309a65309d2fc04d6574ee09537
https://viewbook.tiltonschool.org/wp-content/uploads/2024/01/MMK-0407-1024x683.jpg,public/wp-content/uploads/2024/01/MMK-0407-1024x683.jpg,image/jpeg,337862,459d591386cc5820c65e3b31c37b6b707371d9717e699474a7206dbc0e4f77c4
https://viewbook.tiltonschool.org/wp-content/uploads/2024/01/MMK-0871-1024x683.jpg,public/wp-content/uploads/2024/01/MMK-0871-1024x683.jpg,image/jpeg,114254,7bd41fd0a2221b634eb640540d5e0c6e54231145651314833cdbe234fd1b5174
https://viewbook.tiltonschool.org/wp-content/uploads/2024/01/MMK-1826-1024x683.jpg,public/wp-content/uploads/2024/01/MMK-1826-1024x683.jpg,image/jpeg,132647,532b9e61686d7dfbf2f97101691f47370887ee2c79f90cfac4e45d171f455241
https://viewbook.tiltonschool.org/wp-content/uploads/2024/01/Mark-G-still-e1705504660894-310x450.jpg,public/wp-content/uploads/2024/01/Mark-G-still-e1705504660894-310x450.jpg,image/jpeg,15623,be59d80b1abaf434b4753778c0b750ab6a5da3864d0ec0f39731b7fd91f30261
https://viewbook.tiltonschool.org/wp-content/uploads/2024/01/Tilton-Project-Isadora-v1-2.mp4,public/wp-content/uploads/2024/01/Tilton-Project-Isadora-v1-2.mp4,video/mp4,28973094,5f790f3ce18a2bc76c5b590250b8019fbd4194e488f97c525038b5cc00643755
https://viewbook.tiltonschool.org/wp-content/uploads/2024/01/andrea-nik-lex-1-e1705613496378-1024x907.jpg,public/wp-content/uploads/2024/01/andrea-nik-lex-1-e1705613496378-1024x907.jpg,image/jpeg,144059,2790b8f2e8c855b808bc9d6cacd004e67a5355f9e3fc151050eb835b3cf9b17d
https://viewbook.tiltonschool.org/wp-content/uploads/2024/01/andrea-nik-lex-1-e1705613496378-500x443.jpg,public/wp-content/uploads/2024/01/andrea-nik-lex-1-e1705613496378-500x443.jpg,image/jpeg,46231,dcc5bd5c76ba14400660c2091b4a9b158c3a14f53fcd9d4ccd7aee536dd3b822
https://viewbook.tiltonschool.org/wp-content/uploads/2024/01/andrea-nik-lex-1-e1705613496378.jpg,public/wp-content/uploads/2024/01/andrea-nik-lex-1-e1705613496378.jpg,image/jpeg,147329,e54a2f13030d458279bc1254c4d9b543be6f1e02322971b2d02cc8115e368a09
https://viewbook.tiltonschool.org/wp-content/uploads/2024/01/cropped-Favicon-1-180x180.png,public/wp-content/uploads/2024/01/cropped-Favicon-1-180x180.png,image/png,14797,398f5091a2cbf057e7060c4567b18f5060e4927298dd71190c8aec6a70833c46
https://viewbook.tiltonschool.org/wp-content/uploads/2024/01/cropped-Favicon-1-192x192.png,public/wp-content/uploads/2024/01/cropped-Favicon-1-192x192.png,image/png,16007,a99e6e30c12d12f346da8fb82a402daac021d3e3e6fb18567d7c97d85cb8ca8b
https://viewbook.tiltonschool.org/wp-content/uploads/2024/01/cropped-Favicon-1-270x270.png,public/wp-content/uploads/2024/01/cropped-Favicon-1-270x270.png,image/png,25445,fdae4199d7555855a97967ccf444d4b86c6812abfc986681110dcc2741353064
https://viewbook.tiltonschool.org/wp-content/uploads/2024/01/cropped-Favicon-1-32x32.png,public/wp-content/uploads/2024/01/cropped-Favicon-1-32x32.png,image/png,1123,c76e769dc6f36225f909b619e3b53ef9ec5a18ee64997f8535d7ea824e5f828d
https://viewbook.tiltonschool.org/wp-content/uploads/2024/01/revelstoke-310x450.jpg,public/wp-content/uploads/2024/01/revelstoke-310x450.jpg,image/jpeg,37997,91a034f51a15a93d29f88702db22b35ae603bbea735e657f32f1371051593fe0
https://viewbook.tiltonschool.org/wp-content/uploads/2024/02/JRW_HomeNight_041123_022-801x1024.jpg,public/wp-content/uploads/2024/02/JRW_HomeNight_041123_022-801x1024.jpg,image/jpeg,132339,c18ad76c08b257bda76c21dd27cd1486acf12033a87dd92314ade71c92783272
https://viewbook.tiltonschool.org/wp-content/uploads/2024/02/JRW_ScavengerHunt_100523_051-2-882x1024.jpg,public/wp-content/uploads/2024/02/JRW_ScavengerHunt_100523_051-2-882x1024.jpg,image/jpeg,179151,0e67bef3b4b758555bb8b217d5980e5344d8fec706435737d6218037f05a2a51
https://viewbook.tiltonschool.org/wp-content/uploads/2024/02/Screen-Shot-2024-02-21-at-12.05.03-PM-1024x526.jpg,public/wp-content/uploads/2024/02/Screen-Shot-2024-02-21-at-12.05.03-PM-1024x526.jpg,image/jpeg,56115,d183559bd7f291b2df56294dc6f487b62b925fd5fce3b6c074805d0f227ffbba
https://viewbook.tiltonschool.org/wp-content/uploads/2024/02/Tilton-Drone-v1-1.mp4,public/wp-content/uploads/2024/02/Tilton-Drone-v1-1.mp4,video/mp4,45018571,bba285729cef658cf79093d48cb1c9ccbf1924d5d977f9cf6191c6065eb676fd
https://viewbook.tiltonschool.org/wp-content/uploads/2024/10/BG_CommunityService_102424_698-310x450.jpg,public/wp-content/uploads/2024/10/BG_CommunityService_102424_698-310x450.jpg,image/jpeg,54543,b4720d08209fb965ffee2aa8519a0efde8947110e4088017a73d41bfb7ecfca2
https://viewbook.tiltonschool.org/wp-content/uploads/2024/10/IMG_3645-310x450.jpg,public/wp-content/uploads/2024/10/IMG_3645-310x450.jpg,image/jpeg,44941,f6a6da3c2a7a36f0dfdecca8d9b475d3d0aaef00c54be9fe3e505bf7a02aa4a7
https://viewbook.tiltonschool.org/wp-content/uploads/2024/10/JRW_Counseling_092624_026-1024x666.jpg,public/wp-content/uploads/2024/10/JRW_Counseling_092624_026-1024x666.jpg,image/jpeg,151412,58e04e82f4fd5149c55fec2226eccc2829597c472dd7547225b691546660096e
https://viewbook.tiltonschool.org/wp-content/uploads/2024/10/JRW_Counseling_092624_046-3-1-500x625.jpg,public/wp-content/uploads/2024/10/JRW_Counseling_092624_046-3-1-500x625.jpg,image/jpeg,68321,51c0095c9b4e05306807144562f6eba038b95887ea67cd64a9b0a3d340116ba2
https://viewbook.tiltonschool.org/wp-content/uploads/2024/10/JRW_Counseling_092624_046-3-1-scaled.jpg,public/wp-content/uploads/2024/10/JRW_Counseling_092624_046-3-1-scaled.jpg,image/jpeg,868015,c153f017abf102018124dbeb7b6d96bd644e5f6fd10d5eb455923e9fa5200e4c
https://viewbook.tiltonschool.org/wp-content/uploads/2024/10/JRW_Counseling_092624_071-1024x682.jpg,public/wp-content/uploads/2024/10/JRW_Counseling_092624_071-1024x682.jpg,image/jpeg,118553,b5fb271041a745fc10a15b621d59e2105dea0cb6ef5e709927330a7eef1b9836
https://viewbook.tiltonschool.org/wp-content/uploads/2024/10/JRW_FH_110222_502-310x450.jpg,public/wp-content/uploads/2024/10/JRW_FH_110222_502-310x450.jpg,image/jpeg,35869,30f29dbcf7b6577240a70195b565f11d6f6879c57aab050c8a61894c3c33c776
https://viewbook.tiltonschool.org/wp-content/uploads/2024/10/JRW_OpenHouse_102624_428-310x450.jpg,public/wp-content/uploads/2024/10/JRW_OpenHouse_102624_428-310x450.jpg,image/jpeg,44182,618622879b2b8907cf5e5de0160d21eb7f78525689477bf82e5452369848f4ec
https://viewbook.tiltonschool.org/wp-content/uploads/2024/10/JRW_SchoolMeeting_100424_053-310x450.jpg,public/wp-content/uploads/2024/10/JRW_SchoolMeeting_100424_053-310x450.jpg,image/jpeg,30810,3d6985729b2dc048d60bbb994560b92894edfaeb89aaa196bada0b197fc67b96
https://viewbook.tiltonschool.org/wp-content/uploads/2024/10/dji_fly_20241008_081850_610_1728390261276_photo-2-310x450.jpg,public/wp-content/uploads/2024/10/dji_fly_20241008_081850_610_1728390261276_photo-2-310x450.jpg,image/jpeg,50783,e78718d4857cf431a04550762f116b8040f6a316a0b3d9b419ac67b4643a8a12
https://viewbook.tiltonschool.org/wp-content/uploads/2024/11/JRW_Academics_111124_528-310x450.jpg,public/wp-content/uploads/2024/11/JRW_Academics_111124_528-310x450.jpg,image/jpeg,26720,ff331816733e3586aa92b3cf17f0170d3ac30718d3dbea0c611bd4c2a781ed42
https://viewbook.tiltonschool.org/wp-content/uploads/2024/11/JRW_Hockey_111224_387-310x450.jpg,public/wp-content/uploads/2024/11/JRW_Hockey_111224_387-310x450.jpg,image/jpeg,34561,03c0c66eb164aeb4f44bb58f94f39dba44a550fe02bd32d32bb36e6299d73ebb
https://viewbook.tiltonschool.org/wp-content/uploads/2024/11/JRW_SEB_101724_055-scaled-e1734020407664-310x450.jpg,public/wp-content/uploads/2024/11/JRW_SEB_101724_055-scaled-e1734020407664-310x450.jpg,image/jpeg,42073,3d0180e6b7c8d98700fe627af4eb740cb95e57a4ef50a67b32a75487ce9304fd
https://viewbook.tiltonschool.org/wp-content/uploads/2024/11/JRW_SEB_110824_052-2-310x450.jpg,public/wp-content/uploads/2024/11/JRW_SEB_110824_052-2-310x450.jpg,image/jpeg,14133,b62261b57af58588469422bb68999f77e53cafe7e4fe65c21a9663190c37bcbd
https://viewbook.tiltonschool.org/wp-content/uploads/2024/11/JRW_SEB_110824_165-310x450.jpg,public/wp-content/uploads/2024/11/JRW_SEB_110824_165-310x450.jpg,image/jpeg,25504,5b331467ceeb4c45beb92bb964e01ca5e6d106540ad572dd8f26ec3ef3529a9b
https://viewbook.tiltonschool.org/wp-content/uploads/2024/12/IMG_5288-310x450.jpg,public/wp-content/uploads/2024/12/IMG_5288-310x450.jpg,image/jpeg,32267,746491489adff07bea9d2149062f84c2848590a2606fae0c87a136057610c849
https://viewbook.tiltonschool.org/wp-content/uploads/2024/12/IMG_5527-310x450.jpg,public/wp-content/uploads/2024/12/IMG_5527-310x450.jpg,image/jpeg,34119,2ba3d2c1e3cde04d5d4950a7948efc34e18c5c81c3d80bb99f4d6e20e4ff98aa
https://viewbook.tiltonschool.org/wp-content/uploads/2024/12/JRW_SEB_090524_076-1-500x334.jpg,public/wp-content/uploads/2024/12/JRW_SEB_090524_076-1-500x334.jpg,image/jpeg,23132,25c53b15badb1b508a892dd968fb41e696d68ff2df241ccb29669008474f2b6a
https://viewbook.tiltonschool.org/wp-content/uploads/2024/12/JRW_SEB_090524_076-1-scaled.jpg,public/wp-content/uploads/2024/12/JRW_SEB_090524_076-1-scaled.jpg,image/jpeg,347253,72cb2dd0aa673a02f55b876eda636c14c305edcebb4673817786c09e064bf2c2
https://viewbook.tiltonschool.org/wp-content/uploads/2025/01/JRW_Birthday_102324_003-scaled-e1737043283155-310x450.jpg,public/wp-content/uploads/2025/01/JRW_Birthday_102324_003-scaled-e1737043283155-310x450.jpg,image/jpeg,33069,c6a737f59c6fd208543000c5dc6473288c851626303db5c4901e353968ffa2eb
https://viewbook.tiltonschool.org/wp-content/uploads/2025/01/JRW_MealsofHope_012025_202-scaled-e1737483540198-310x450.jpg,public/wp-content/uploads/2025/01/JRW_MealsofHope_012025_202-scaled-e1737483540198-310x450.jpg,image/jpeg,35379,52cacd7412df527b2b88ec3c2b188a15a113778141c04a404e4d6c44717922f2
https://viewbook.tiltonschool.org/wp-content/uploads/2025/01/JRW_SchoolMeeting_092724_014-310x450.jpg,public/wp-content/uploads/2025/01/JRW_SchoolMeeting_092724_014-310x450.jpg,image/jpeg,27240,df0f40e4e16890c23f8c0c893e8f70a717eb5ad1e64205b56d1267d6212fd479
https://viewbook.tiltonschool.org/wp-content/uploads/2025/01/JRW_SpiritWeek_012925_011-1-310x450.jpg,public/wp-content/uploads/2025/01/JRW_SpiritWeek_012925_011-1-310x450.jpg,image/jpeg,41267,54286b964b51a6c24c27ccd82e0843686ae9523ad86e772b37b2a88e328aaede
https://viewbook.tiltonschool.org/wp-content/uploads/2025/01/Screen-Shot-2025-01-13-at-10.41.21-AM-310x450.png,public/wp-content/uploads/2025/01/Screen-Shot-2025-01-13-at-10.41.21-AM-310x450.png,image/png,164109,6fc3622814eddadd230a12053417b7c760bb053664227dac8929e39a82bfa4cd
https://viewbook.tiltonschool.org/wp-content/uploads/2025/01/Screen-Shot-2025-01-13-at-10.41.41-AM-310x450.png,public/wp-content/uploads/2025/01/Screen-Shot-2025-01-13-at-10.41.41-AM-310x450.png,image/png,156465,ec95678a5764cb596c5a1f801df0e51ba39d0e737569625e733d4d9f64e0a524
https://viewbook.tiltonschool.org/wp-content/uploads/2025/02/JRW_Alumni_021425_159-310x450.jpg,public/wp-content/uploads/2025/02/JRW_Alumni_021425_159-310x450.jpg,image/jpeg,34164,71dfe763dd1a884d2f99fc049bbcddb274a05c19c3989b048e343f53117d8ba5
https://viewbook.tiltonschool.org/wp-content/uploads/2025/02/JRW_FormalDinner_091923_004-500x321.jpg,public/wp-content/uploads/2025/02/JRW_FormalDinner_091923_004-500x321.jpg,image/jpeg,80312,a4ae47163ac142a2343fa53fef30e2175f4be177593ee17735c1a397e371064a
https://viewbook.tiltonschool.org/wp-content/uploads/2025/02/JRW_FormalDinner_091923_004-scaled.jpg,public/wp-content/uploads/2025/02/JRW_FormalDinner_091923_004-scaled.jpg,image/jpeg,631657,1d15d829a8ba2439397a0714189a7a62f329b6b96516a7d52e0b840c849c2b14
https://viewbook.tiltonschool.org/wp-content/uploads/2025/02/JRW_Hockey_021125_007-scaled-e1739989648432-310x450.jpg,public/wp-content/uploads/2025/02/JRW_Hockey_021125_007-scaled-e1739989648432-310x450.jpg,image/jpeg,37962,0044cdb4df7ab10fb170b1828e5795281ed9ed3193d5eb2a633ec9a6040408cc
https://viewbook.tiltonschool.org/wp-content/uploads/2025/02/JRW_Photo_022025_085-scaled-e1740162851980-310x450.jpg,public/wp-content/uploads/2025/02/JRW_Photo_022025_085-scaled-e1740162851980-310x450.jpg,image/jpeg,29427,8319db3c76f9c7e58ce9f35e345b6db86c9f0b5397f14583ea2e099c97b96e02
https://viewbook.tiltonschool.org/wp-content/uploads/2025/02/JRW_WinterCarnival_020225_105-scaled-e1738855925809-310x450.jpg,public/wp-content/uploads/2025/02/JRW_WinterCarnival_020225_105-scaled-e1738855925809-310x450.jpg,image/jpeg,29966,12d4d1c547f05c0f654dfb834da00feccf924c9bcb1250dda1bd6f02b0e0bca6
https://viewbook.tiltonschool.org/wp-content/uploads/2025/03/JRW_AvalochFarms_051624_059-scaled-e1741111300850-310x450.jpg,public/wp-content/uploads/2025/03/JRW_AvalochFarms_051624_059-scaled-e1741111300850-310x450.jpg,image/jpeg,27277,d29149b32a1d2d388a353922b8d0a7d35688e049d523232ae27d490144b54b15
https://viewbook.tiltonschool.org/wp-content/uploads/2025/04/JRW_AcceptedStudents_032925_598-1-310x450.jpg,public/wp-content/uploads/2025/04/JRW_AcceptedStudents_032925_598-1-310x450.jpg,image/jpeg,37239,f678c4af716cbbc4e9d2d55422ed7d5f86ebfe8045f56ba58841848bf46c84c5
https://viewbook.tiltonschool.org/wp-content/uploads/2025/04/JRW_AddamsFamily_111424_428-310x450.jpg,public/wp-content/uploads/2025/04/JRW_AddamsFamily_111424_428-310x450.jpg,image/jpeg,38248,19b1262e105e02d8c21f9c906b743853f576af9b879c23fc99ae605eb10169dd
https://viewbook.tiltonschool.org/wp-content/uploads/2025/04/JRW_Graduation_052524_1227-310x450.jpg,public/wp-content/uploads/2025/04/JRW_Graduation_052524_1227-310x450.jpg,image/jpeg,42969,883edd0958191239c44d8984b2f926d172a9a0e751cac7c399e8ebb1653f1c93
https://viewbook.tiltonschool.org/wp-content/uploads/2025/04/JRW_HeadsHoliday_102824_088-1-310x450.jpg,public/wp-content/uploads/2025/04/JRW_HeadsHoliday_102824_088-1-310x450.jpg,image/jpeg,35563,3be32b2c4e6ff7ba5dc33adee0014b4bdf5b1c2fcf7460185668a9f169270b88
https://viewbook.tiltonschool.org/wp-content/uploads/2025/04/JRW_OpenHouse_102624_445-310x450.jpg,public/wp-content/uploads/2025/04/JRW_OpenHouse_102624_445-310x450.jpg,image/jpeg,37713,151e4b5cc93959bd9fed8b8aa619140d2ac247d8982c9be5ce5b67c3381f2858
https://viewbook.tiltonschool.org/wp-content/uploads/2025/04/JRW_SchoolMeeting_022825_055-310x450.jpg,public/wp-content/uploads/2025/04/JRW_SchoolMeeting_022825_055-310x450.jpg,image/jpeg,21933,45f5b6c5a6960592affe2327de920a8b2e99f7bb56540a06d2719dd6b48423e5
https://viewbook.tiltonschool.org/wp-content/uploads/2025/04/JRW_SeniorDefense_111424_131-310x450.jpg,public/wp-content/uploads/2025/04/JRW_SeniorDefense_111424_131-310x450.jpg,image/jpeg,20597,b34be1c4bb12b13ff1ecf5e05ba762258bc60b0c226a06185c1333da29a83d6f
https://viewbook.tiltonschool.org/wp-content/uploads/2025/04/JRW_Signing_111324_167-310x450.jpg,public/wp-content/uploads/2025/04/JRW_Signing_111324_167-310x450.jpg,image/jpeg,66499,06880c501f69e4e03fcfd5d5a3502c175a8ca6a33644ac82c6e87f5247d33a7e
https://viewbook.tiltonschool.org/wp-content/uploads/2025/04/Screen-Shot-2025-04-02-at-3.51.00-PM-310x450.png,public/wp-content/uploads/2025/04/Screen-Shot-2025-04-02-at-3.51.00-PM-310x450.png,image/png,174819,4b3f105dc404f4f03e2749b97698f418ff8be68b7fb04973979c1d6b92aac191
https://viewbook.tiltonschool.org/wp-content/uploads/2025/05/IMG_0552-310x450.jpg,public/wp-content/uploads/2025/05/IMG_0552-310x450.jpg,image/jpeg,29152,a4eac03a317a9510ca03a391d15d51b1768503d10543b6d91fa04f0f8a0c4cd6
https://viewbook.tiltonschool.org/wp-content/uploads/2025/05/JRW_AvalochFarms_051624_060-310x450.jpg,public/wp-content/uploads/2025/05/JRW_AvalochFarms_051624_060-310x450.jpg,image/jpeg,26401,0899d451d7755b9b0cd21b7c70b872a7d8f80aceadbe75791e26fc87840a48b1
https://viewbook.tiltonschool.org/wp-content/uploads/2025/05/JRW_IC_012725_064-1024x678.jpg,public/wp-content/uploads/2025/05/JRW_IC_012725_064-1024x678.jpg,image/jpeg,94327,6cdbccaddde4970ae9a824c9588c53cf6b9bb4914c173172df665cd8af680272
https://viewbook.tiltonschool.org/wp-content/uploads/2025/05/JRW_International_051925_105-500x327.jpg,public/wp-content/uploads/2025/05/JRW_International_051925_105-500x327.jpg,image/jpeg,55668,4604a6c76c1ae610d7d7bfc62a409afc880737bd3397481a9fcc09f9c62cbefc
https://viewbook.tiltonschool.org/wp-content/uploads/2025/05/JRW_International_051925_105-scaled.jpg,public/wp-content/uploads/2025/05/JRW_International_051925_105-scaled.jpg,image/jpeg,852947,b8b96eb0021b52532e330a55eddadaf141e817de026ca01b392ec72c555b91ae
https://viewbook.tiltonschool.org/wp-content/uploads/2025/05/JRW_OpeningDay_090324_347-310x450.jpg,public/wp-content/uploads/2025/05/JRW_OpeningDay_090324_347-310x450.jpg,image/jpeg,27796,7a589f73bc0993646033d71b2da33cd079014de28429e589dbb94394e40b483b
https://viewbook.tiltonschool.org/wp-content/uploads/2025/05/JRW_SB_042825_369-310x450.jpg,public/wp-content/uploads/2025/05/JRW_SB_042825_369-310x450.jpg,image/jpeg,34981,43f22f83e0c570af5c315b3df16bc0cbdc86f8c60e38f6a564f78c351c4e9a46
https://viewbook.tiltonschool.org/wp-content/uploads/2025/09/110723-AG-Tilton-0070-310x450.jpg,public/wp-content/uploads/2025/09/110723-AG-Tilton-0070-310x450.jpg,image/jpeg,35695,c25fa7191e3404e505fccf035fd54c3d53ca6f98cdc6cc6a553a2dfcf40b77d0
https://viewbook.tiltonschool.org/wp-content/uploads/2025/09/110723-AG-Tilton-0632-310x450.jpg,public/wp-content/uploads/2025/09/110723-AG-Tilton-0632-310x450.jpg,image/jpeg,27642,3358f5026d1cb12371e0059ca5fcba7b02dbc433140b179b2ed787c3af40b882
https://viewbook.tiltonschool.org/wp-content/uploads/2025/09/JRW_083025_OpeningDay_046-1024x741.jpg,public/wp-content/uploads/2025/09/JRW_083025_OpeningDay_046-1024x741.jpg,image/jpeg,127264,29f31f3622b8b22e5aeaa68b56441d11d595190933cc7cf058d1c06f2cbaad88
https://viewbook.tiltonschool.org/wp-content/uploads/2025/09/JRW_083025_OpeningDay_046-500x362.jpg,public/wp-content/uploads/2025/09/JRW_083025_OpeningDay_046-500x362.jpg,image/jpeg,42463,c03109fbec1aea1e4d0961ed3b673077aa932696fc70b92c06cf8aade29ddb15
https://viewbook.tiltonschool.org/wp-content/uploads/2025/09/JRW_083025_OpeningDay_046.jpg,public/wp-content/uploads/2025/09/JRW_083025_OpeningDay_046.jpg,image/jpeg,794938,182d47de8fbad888710f34eaacd3a3dabb246efcb8cd4e0f48a44a9ae4c87b7e
https://viewbook.tiltonschool.org/wp-content/uploads/2025/09/JRW_083025_OpeningDay_182-1024x728.jpg,public/wp-content/uploads/2025/09/JRW_083025_OpeningDay_182-1024x728.jpg,image/jpeg,162714,11ddfc2d1a4a8a2dd54698461fc2aa7f4e4da662388ad93c8b96900e46e06aec
https://viewbook.tiltonschool.org/wp-content/uploads/2025/09/JRW_083025_OpeningDay_206-310x450.jpg,public/wp-content/uploads/2025/09/JRW_083025_OpeningDay_206-310x450.jpg,image/jpeg,32878,057b3ad88ef83b11adf362b644244a3619a90d3da3750642966007f81d07ebed
https://viewbook.tiltonschool.org/wp-content/uploads/2025/09/JRW_083025_OpeningDay_322-1024x713.jpg,public/wp-content/uploads/2025/09/JRW_083025_OpeningDay_322-1024x713.jpg,image/jpeg,120195,983b5c6aa3751afc861527258630a1ac2c873fbb7d6444f18691b05889ff64bf
https://viewbook.tiltonschool.org/wp-content/uploads/2025/09/JRW_090225_Orientation_915-1024x708.jpg,public/wp-content/uploads/2025/09/JRW_090225_Orientation_915-1024x708.jpg,image/jpeg,205696,683f78d3aac54b2633837c3dbe7350903f9e6cd12c34e141e9a1af5464cf7feb
https://viewbook.tiltonschool.org/wp-content/uploads/2025/09/JRW_090325_Clubs_018-1-500x331.jpg,public/wp-content/uploads/2025/09/JRW_090325_Clubs_018-1-500x331.jpg,image/jpeg,53540,54db14ec4dafdffc8edb9a4fdf4b5a81a77431c88a7b1e460cd65ee46ec0f061
https://viewbook.tiltonschool.org/wp-content/uploads/2025/09/JRW_090325_Clubs_018-1-scaled.jpg,public/wp-content/uploads/2025/09/JRW_090325_Clubs_018-1-scaled.jpg,image/jpeg,739925,e529e2e43a014b987acf98a06f85b9ec0191e0ebdaffce318e86d8594eea9044
https://viewbook.tiltonschool.org/wp-content/uploads/2025/09/JRW_090325_Clubs_032-1024x683.jpg,public/wp-content/uploads/2025/09/JRW_090325_Clubs_032-1024x683.jpg,image/jpeg,116638,74118dd3b0ab849170f21dcb16766c9248f7abf93741fc6d111c7740e7f2a32a
https://viewbook.tiltonschool.org/wp-content/uploads/2025/09/JRW_HeadsHoliday_102924_105-2-310x450.jpg,public/wp-content/uploads/2025/09/JRW_HeadsHoliday_102924_105-2-310x450.jpg,image/jpeg,30970,01cd31f5130e13ed0e2d28bf3887afa3d1d0926f266fb541373416aa788e6f2b
https://viewbook.tiltonschool.org/wp-content/uploads/2025/10/JRW_100325_FFW_Drone_1208-310x450.jpg,public/wp-content/uploads/2025/10/JRW_100325_FFW_Drone_1208-310x450.jpg,image/jpeg,39806,89e309fdf788f3d8f6d445f77a3acdc1b7826b07ecc8a384d5bef23f4d212f4f
https://viewbook.tiltonschool.org/wp-content/uploads/2025/11/BG_101725_Trustees_132-310x450.jpg,public/wp-content/uploads/2025/11/BG_101725_Trustees_132-310x450.jpg,image/jpeg,17989,542e51d2b0833a5df05c89897542b291a3f923d9be0e2de78147617225eff175
https://viewbook.tiltonschool.org/wp-content/uploads/2025/11/JRW_100825_Soccer_077-1024x631.jpg,public/wp-content/uploads/2025/11/JRW_100825_Soccer_077-1024x631.jpg,image/jpeg,190722,424e516f6089d9271c1fff16aab1fd03c0b063b460ed7a11cac035e9996c7667
https://viewbook.tiltonschool.org/wp-content/uploads/2025/11/JRW_100825_Soccer_077-500x308.jpg,public/wp-content/uploads/2025/11/JRW_100825_Soccer_077-500x308.jpg,image/jpeg,54368,805b069a8b574032742d408e991936a46bf9120e663895dbec1a097ce3bc2c9c
https://viewbook.tiltonschool.org/wp-content/uploads/2025/11/JRW_100825_Soccer_077.jpg,public/wp-content/uploads/2025/11/JRW_100825_Soccer_077.jpg,image/jpeg,1117883,7a3d69ba7e2b5385c8d37074979858ed5074bad607dd487b29ee195cd54ca6ad
https://viewbook.tiltonschool.org/wp-content/uploads/2025/11/JRW_102425_Soccer_041-1024x717.jpg,public/wp-content/uploads/2025/11/JRW_102425_Soccer_041-1024x717.jpg,image/jpeg,171144,ee01fe4b5c4483d1eb8c02109271c18a171720455996052f95c796abdc7d18c2
https://viewbook.tiltonschool.org/wp-content/uploads/2025/11/JRW_103025_CommunityService_276-1-1024x693.jpg,public/wp-content/uploads/2025/11/JRW_103025_CommunityService_276-1-1024x693.jpg,image/jpeg,274153,2be58ce98a0c58848c4e3ee84cdceaa53e87d26c270f6912d4a84a45690c147f
https://viewbook.tiltonschool.org/wp-content/uploads/2025/11/JRW_103025_CommunityService_283-1-500x340.jpg,public/wp-content/uploads/2025/11/JRW_103025_CommunityService_283-1-500x340.jpg,image/jpeg,59095,334e35869cc91d5bc7ad42e55fe708eb5334858da962227fa550b3731dbe4059
https://viewbook.tiltonschool.org/wp-content/uploads/2025/11/JRW_103025_CommunityService_283-1-scaled.jpg,public/wp-content/uploads/2025/11/JRW_103025_CommunityService_283-1-scaled.jpg,image/jpeg,796758,a49207e230f208c19642335f27dce98cff9b184759d07bb74309de55640d58eb
https://viewbook.tiltonschool.org/wp-content/uploads/2025/11/JRW_Birthday_102324_009-1024x675.jpg,public/wp-content/uploads/2025/11/JRW_Birthday_102324_009-1024x675.jpg,image/jpeg,134241,31a5409320ac2d0df66f3850ed7daff6b290356f8562fb9853f6537f956218a6
https://viewbook.tiltonschool.org/wp-content/uploads/2025/11/JRW_Birthday_102324_041-1024x673.jpg,public/wp-content/uploads/2025/11/JRW_Birthday_102324_041-1024x673.jpg,image/jpeg,150110,f98f0bd8a0b6a06e21b012de946a8672a66c4154ca6d3e90714ff9a999ef6b52
https://viewbook.tiltonschool.org/wp-content/uploads/2025/11/JRW_OpenHouse_102624_1274-1024x753.jpg,public/wp-content/uploads/2025/11/JRW_OpenHouse_102624_1274-1024x753.jpg,image/jpeg,132635,2914a32a2c731177ef7d176e40f8b5c7719e7073850ed694a798b7d1387cc412
https://viewbook.tiltonschool.org/wp-content/uploads/2025/11/JRW_YWL_033024_159-1024x653.jpg,public/wp-content/uploads/2025/11/JRW_YWL_033024_159-1024x653.jpg,image/jpeg,110156,a99215306989e650ecae4631cb0b01324a3f74a11711f9b1c806efd465ae53aa
https://viewbook.tiltonschool.org/wp-content/uploads/2025/11/JRW_YWL_033024_159-500x319.jpg,public/wp-content/uploads/2025/11/JRW_YWL_033024_159-500x319.jpg,image/jpeg,36094,ff3f777956910d627bae225557b79929e8770c52e0782f68f0b51b09a9e0fb33
https://viewbook.tiltonschool.org/wp-content/uploads/2025/11/JRW_YWL_033024_159.jpg,public/wp-content/uploads/2025/11/JRW_YWL_033024_159.jpg,image/jpeg,604267,4ab7c7e45cad0ed4c6dcbb9e5576a53b80224a3194227484a6d96fec6f7378b5
https://viewbook.tiltonschool.org/wp-content/uploads/2025/11/Screenshot-2025-11-12-at-2.35.56%E2%80%AFPM-1024x568.png,public/wp-content/uploads/2025/11/Screenshot-2025-11-12-at-2.35.56 PM-1024x568.png,image/png,442622,1216be568fa7f8870b4b4a12b573d74f8425974a01280922c76f741bcd6de7c8
https://viewbook.tiltonschool.org/wp-content/uploads/2025/12/IMG_9737-310x450.jpg,public/wp-content/uploads/2025/12/IMG_9737-310x450.jpg,image/jpeg,21513,2915734e44b0f3a1ea21927d251589a015800678a81f4a94eca41683a4d47aa9
https://viewbook.tiltonschool.org/wp-content/uploads/2026/01/JRW_012526_WinterCarnival_5218-2-310x450.jpg,public/wp-content/uploads/2026/01/JRW_012526_WinterCarnival_5218-2-310x450.jpg,image/jpeg,42115,6eea2d240c02f3e87931e733aa8ef7fcfedd672862b529cce8da6dde2d4b7af7
https://viewbook.tiltonschool.org/wp-content/uploads/2026/02/JRW_022026_SchoolMeeting_022-500x325.jpg,public/wp-content/uploads/2026/02/JRW_022026_SchoolMeeting_022-500x325.jpg,image/jpeg,61689,759aef3a6d82c3db4f6e19395a09ea22886abd01d70332e9fd92822c8c881949
https://viewbook.tiltonschool.org/wp-content/uploads/2026/02/JRW_022026_SchoolMeeting_022-scaled.jpg,public/wp-content/uploads/2026/02/JRW_022026_SchoolMeeting_022-scaled.jpg,image/jpeg,604401,766735ddd9d896d83ad708a98fa651c819bff2527bcb0ae167a7b1ffc2d87b21
https://viewbook.tiltonschool.org/wp-content/uploads/2026/02/JRW_022026_SchoolMeeting_116-1-1024x677.jpg,public/wp-content/uploads/2026/02/JRW_022026_SchoolMeeting_116-1-1024x677.jpg,image/jpeg,64145,9e7bb6ed37692994bec3519e768391417c8198347126f21db619f3438d8a3115
https://viewbook.tiltonschool.org/wp-content/uploads/2026/02/gabby-500x351.jpg,public/wp-content/uploads/2026/02/gabby-500x351.jpg,image/jpeg,32922,e1df8a03f4fbcc142ed9fe6db32f419a5b9f9b3bb7c21e1e4904e2182e35ee46
https://viewbook.tiltonschool.org/wp-content/uploads/2026/02/gabby.jpg,public/wp-content/uploads/2026/02/gabby.jpg,image/jpeg,95342,7e8665f627004a531337238eddd8c84c0c9303022e85588a3c445cdeba679ae8
https://viewbook.tiltonschool.org/wp-content/uploads/2026/02/sab.jpg,public/wp-content/uploads/2026/02/sab.jpg,image/jpeg,156493,464b074cdb74ec0b89a368378440b6c0350c0a8d1012af660c08d7a1d97f5506
https://viewbook.tiltonschool.org/wp-content/uploads/2026/03/Untitled-1350-x-1080-px-310x450.jpg,public/wp-content/uploads/2026/03/Untitled-1350-x-1080-px-310x450.jpg,image/jpeg,28775,841574224339bef82c84f49a50beeb4d46901a0ceba58632aaf3b36f20ef8884
https://viewbook.tiltonschool.org/wp-content/uploads/2026/03/Untitled-design-83-1024x577.png,public/wp-content/uploads/2026/03/Untitled-design-83-1024x577.png,image/png,825745,5bde3a93d8184f6bf080857cbcb070ef5fd5f4186f172b8ee4b586936182f496
https://viewbook.tiltonschool.org/wp-content/uploads/2026/03/championship-team-01-02-500x393.png,public/wp-content/uploads/2026/03/championship-team-01-02-500x393.png,image/png,408328,be67389ec1f95526d9254a3fad3cea2d71f0f6ef8e4e7b5ae5d3b31aef0d9dc8
https://viewbook.tiltonschool.org/wp-content/uploads/2026/03/championship-team-01-02.png,public/wp-content/uploads/2026/03/championship-team-01-02.png,image/png,566315,2633c29c7d9939fedfa3481be451d2f59e22e85895ecc8aa0e3975232d9c64fb
https://viewbook.tiltonschool.org/wp-includes/js/dist/hooks.min.js,public/wp-includes/js/dist/hooks.min.js,application/javascript,5112,ed6687999ca7ae9cc8a631c4ae9b2ab55b89ee5887147771641165278f270b46
https://viewbook.tiltonschool.org/wp-includes/js/dist/i18n.min.js,public/wp-includes/js/dist/i18n.min.js,application/javascript,5796,06c80456ab47207549c2c89c02bfad7c26ccfbebc384fcc9721e2d4c1b813d9e
https://viewbook.tiltonschool.org/wp-includes/js/dist/vendor/wp-polyfill.min.js,public/wp-includes/js/dist/vendor/wp-polyfill.min.js,application/javascript,29880,b26d678cc4cbeccd14389185da6f73afccd33adadd68c0a9f94726920be085c1
https://viewbook.tiltonschool.org/wp-includes/js/jquery/jquery.min.js,public/wp-includes/js/jquery/jquery.min.js,application/javascript,87555,8691c19f329f1b848d226d5322b09dc8ea1b6861f83a93e141d95ad4379a8120
